ldm_entity,related_entities
SUBDOMAIN,DOMAIN:FACET_COLLECTION:MAINTENANCE_AGENCY
SUBDOMAIN_ENUMERATION,SUBDOMAIN:DOMAIN:FACET_COLLECTION:MAINTENANCE_AGENCY:MEMBER
DOMAIN,FACET_COLLECTION:MAINTENANCE_AGENCY
FACET_COLLECTION,MAINTENANCE_AGENCY
MAINTENANCE_AGENCY,
MEMBER,DOMAIN:FACET_COLLECTION:MAINTENANCE_AGENCY
MEMBER_HIERARCHY,DOMAIN:FACET_COLLECTION:MAINTENANCE_AGENCY
MEMBER_HIERARCHY_NODE,MEMBER_HIERARCHY:DOMAIN:FACET_COLLECTION:MAINTENANCE_AGENCY:MEMBER
VARIABLE,DOMAIN:FACET_COLLECTION:MAINTENANCE_AGENCY
FRAMEWORK,MAINTENANCE_AGENCY
MEMBER_MAPPING,MAINTENANCE_AGENCY
MEMBER_MAPPING_ITEM,MEMBER:DOMAIN:FACET_COLLECTION:MAINTENANCE_AGENCY:VARIABLE:MEMBER_MAPPING:MEMBER_HIERARCHY
VARIABLE_MAPPING_ITEM,VARIABLE_MAPPING:MAINTENANCE_AGENCY:VARIABLE:DOMAIN:FACET_COLLECTION
VARIABLE_MAPPING,MAINTENANCE_AGENCY
MAPPING_TO_CUBE,MAPPING_DEFINITION:MAINTENANCE_AGENCY:MEMBER_MAPPING:VARIABLE_MAPPING
MAPPING_DEFINITION,MAINTENANCE_AGENCY:MEMBER_MAPPING:VARIABLE_MAPPING
AXIS,TABLE:MAINTENANCE_AGENCY
AXIS_ORDINATE,AXIS:TABLE:MAINTENANCE_AGENCY
CELL_POSITION,AXIS_ORDINATE:AXIS:TABLE:MAINTENANCE_AGENCY:TABLE_CELL
ORDINATE_ITEM,AXIS_ORDINATE:AXIS:TABLE:MAINTENANCE_AGENCY:MEMBER_HIERARCHY:DOMAIN:FACET_COLLECTION:MEMBER:VARIABLE
TABLE,MAINTENANCE_AGENCY
TABLE_CELL,TABLE:MAINTENANCE_AGENCY
CUBE_STRUCTURE,MAINTENANCE_AGENCY
CUBE_STRUCTURE_ITEM,VARIABLE:DOMAIN:FACET_COLLECTION:MAINTENANCE_AGENCY:CUBE_STRUCTURE:MEMBER:SUBDOMAIN
CUBE,CUBE_STRUCTURE:MAINTENANCE_AGENCY:FRAMEWORK
CUBE_LINK,MAINTENANCE_AGENCY:CUBE:CUBE_STRUCTURE:FRAMEWORK
CUBE_STRUCTURE_ITEM_LINK,CUBE_LINK:MAINTENANCE_AGENCY:CUBE:CUBE_STRUCTURE:FRAMEWORK:CUBE_STRUCTURE_ITEM:VARIABLE:DOMAIN:FACET_COLLECTION:MEMBER:SUBDOMAIN
COMBINATION,MAINTENANCE_AGENCY:VARIABLE:DOMAIN:FACET_COLLECTION
COMBINATION_ITEM,COMBINATION:MAINTENANCE_AGENCY:VARIABLE:DOMAIN:FACET_COLLECTION:MEMBER:MEMBER_HIERARCHY
CUBE_TO_COMBINATION,COMBINATION:MAINTENANCE_AGENCY:VARIABLE:DOMAIN:FACET_COLLECTION:CUBE:CUBE_STRUCTURE:FRAMEWORK
ABSTRCT_INSTRMNT_RL,INSTRMNT:BLNC_SHT_NTTNG:CRDT_FCLTY:FNNCL_CNTRCT:SYNDCTD_CNTRCT
ASST_PL,
ASST_PL_DBT_SCRTY_PSTN_ASSGNMNT,ASST_PL:SCRTY_PSTN:ENTTY_RL:PRTY:GRP:SCRTY_EXCHNG_TRDBL_DRVTV
ASST_PL_EQT_INSTRMNT_NT_SCRT_ASSGNMNT,ASST_PL:INSTRMNT:BLNC_SHT_NTTNG:CRDT_FCLTY:FNNCL_CNTRCT:SYNDCTD_CNTRCT
ASST_PL_LN_ASSGNMNT,ASST_PL:INSTRMNT:BLNC_SHT_NTTNG:CRDT_FCLTY:FNNCL_CNTRCT:SYNDCTD_CNTRCT
BLNC_SHT_NTTNG,
CLLTRL,PRTCTN_ARRNGMNT:SCRTY_EXCHNG_TRDBL_DRVTV
CLLTRL_NN_FNNCL_ASST_ASSGNMNT,CLLTRL:PRTCTN_ARRNGMNT:SCRTY_EXCHNG_TRDBL_DRVTV:NN_FNNCL_ASST
CRDT_FCLTY,FNNCL_CNTRCT:SYNDCTD_CNTRCT
CRDT_FCLTY_CLLTRL_ASSGNMNT,CLLTRL:PRTCTN_ARRNGMNT:SCRTY_EXCHNG_TRDBL_DRVTV:CRDT_FCLTY:FNNCL_CNTRCT:SYNDCTD_CNTRCT
CRDT_FCLTY_CLLTRL_RCVD_INSTRMNT_ASSGNMNT,ABSTRCT_INSTRMNT_RL:INSTRMNT:BLNC_SHT_NTTNG:CRDT_FCLTY:FNNCL_CNTRCT:SYNDCTD_CNTRCT
CRDT_FCLTY_ENTTY_RL_ASSGNMNT,CRDT_FCLTY:FNNCL_CNTRCT:SYNDCTD_CNTRCT:ENTTY_RL:PRTY:GRP
CRDT_RSK_MTGTN_ASSGNMNT,CLLTRL:PRTCTN_ARRNGMNT:SCRTY_EXCHNG_TRDBL_DRVTV
CRDT_TRNSFR_OTHR_SCRTSTN_CVRD_BND_PRGRM,ASST_PL
CSH_HND,
CVRD_BND_ISSNC,CVRD_BND_PRGRM:ASST_PL:SCRTY_EXCHNG_TRDBL_DRVTV
CVRD_BND_PRGRM,ASST_PL
DBT_SCRTY_ISSD,SCRTY_EXCHNG_TRDBL_DRVTV
DBT_SCRTY_ISSD_TRDTNL_SCRTSTN_ASSGNMNT,DBT_SCRTY_ISSD:SCRTY_EXCHNG_TRDBL_DRVTV:TRDTNL_SCRTSTN:ASST_PL:CRDT_FCLTY:FNNCL_CNTRCT:SYNDCTD_CNTRCT
DBT_SCRTY_PRTCTN_ARRNGMNT_ASSGNMNT,PRTCTN_ARRNGMNT:SCRTY_PSTN:ENTTY_RL:PRTY:GRP:SCRTY_EXCHNG_TRDBL_DRVTV
ENTTY_RL,PRTY:GRP
EQT_INSTRMNT_LG_EQT_INSTRMNT_NT_SCRT_ASSGNMNT,INSTRMNT:BLNC_SHT_NTTNG:CRDT_FCLTY:FNNCL_CNTRCT:SYNDCTD_CNTRCT:RPRCHS_AGRMNT_CMPNNT
ETD_LBLTY_PSTN_SNTHTC_SCRTSTN_ASSGNMNT,EXCHNG_TRDBL_DRVTV_POSTN_RL:EXCHNG_TRDBL_DRVTV_PSTN:ENTTY_RL:PRTY:SCRTY_EXCHNG_TRDBL_DRVTV:SNTHTC_SCRTSTN:ASST_PL
EXCHNG_TRDBL_DRVTV_POSTN_RL,EXCHNG_TRDBL_DRVTV_PSTN:ENTTY_RL:PRTY:GRP:SCRTY_EXCHNG_TRDBL_DRVTV
EXCHNG_TRDBL_DRVTV_PSTN,ENTTY_RL:PRTY:GRP:SCRTY_EXCHNG_TRDBL_DRVTV
FNDMNTL_RVW_TRDNG_BK_STNDRD_APPRCH_RSK_MSR_ETD_PSTNS,EXCHNG_TRDBL_DRVTV_PSTN:ENTTY_RL:PRTY:GRP:SCRTY_EXCHNG_TRDBL_DRVTV:RSK_FAC_SA
FNDMNTL_RVW_TRDNG_BK_STNDRD_APPRCH_RSK_MSR_FR_SCRTY_PSTNS,RSK_FAC_SA:ENTTY_RL:PRTY:GRP:SCRTY_EXCHNG_TRDBL_DRVTV:SCRTY_PSTN
FNDMNTL_RVW_TRDNG_BK_STNDRD_APPRCH_RSK_MSR_OTC_PSTNS,INSTRMNT:BLNC_SHT_NTTNG:CRDT_FCLTY:FNNCL_CNTRCT:SYNDCTD_CNTRCT:RSK_FAC_SA:ENTTY_RL:PRTY:GRP:SCRTY_EXCHNG_TRDBL_DRVTV
FNNCL_CNTRCT,SYNDCTD_CNTRCT
FNNCL_GRNT_INSTRMNT_DBT_SCRT_DBT_SCRTY_ASSGNMNT,INSTRMNT:BLNC_SHT_NTTNG:CRDT_FCLTY:FNNCL_CNTRCT:SYNDCTD_CNTRCT:SCRTY_EXCHNG_TRDBL_DRVTV
GRP,
GRP_CLNTS_KY_MNGMNT_PRSNLL_ASSGNMNT,ENTTY_RL:PRTY:GRP
IMMDT_PRNT_ENTRPRS_ASSGNMNT,ENTTY_RL:PRTY:GRP
INSTRMNT,BLNC_SHT_NTTNG:CRDT_FCLTY:FNNCL_CNTRCT:SYNDCTD_CNTRCT
INSTRMNT_CLLTRL_RCVD_INSTRMNT_ASSGNMNT,ABSTRCT_INSTRMNT_RL:INSTRMNT:BLNC_SHT_NTTNG:CRDT_FCLTY:FNNCL_CNTRCT:SYNDCTD_CNTRCT
INSTRMNT_ENTTY_RL_ASSGNMNT,ENTTY_RL:PRTY:GRP:INSTRMNT:BLNC_SHT_NTTNG:CRDT_FCLTY:FNNCL_CNTRCT:SYNDCTD_CNTRCT
INSTRMNT_HDGD_EXCHNG_TRDBL_DRVTV,EXCHNG_TRDBL_DRVTV_POSTN_RL:EXCHNG_TRDBL_DRVTV_PSTN:ENTTY_RL:PRTY:SCRTY_EXCHNG_TRDBL_DRVTV:INSTRMNT:BLNC_SHT_NTTNG:CRDT_FCLTY:FNNCL_CNTRCT:SYNDCTD_CNTRCT
INSTRMNT_HDGD_OTC_DRVTV,ABSTRCT_INSTRMNT_RL:INSTRMNT:BLNC_SHT_NTTNG:CRDT_FCLTY:FNNCL_CNTRCT:SYNDCTD_CNTRCT
INSTRMNT_PRTCN_ARRNGMNT_ASSGNMNT,INSTRMNT:BLNC_SHT_NTTNG:CRDT_FCLTY:FNNCL_CNTRCT:SYNDCTD_CNTRCT:PRTCTN_ARRNGMNT
INTRNL_GRP_KY_MNGMNT_PRSNLL_ASSGNMNT,ENTTY_RL:PRTY:GRP
INTRNL_GRP_RL,GRP
INTRST_RT_RSK_HDG_PRTFL,
KB_PR_BCKT,
LN_AND_ADVNC_LG_LN_AND_ADVNC_ASSGNMNT,INSTRMNT:BLNC_SHT_NTTNG:CRDT_FCLTY:FNNCL_CNTRCT:SYNDCTD_CNTRCT:RPRCHS_AGRMNT_CMPNNT
LN_EXCLDNG_RPRCHS_AGRMNT_CLLTRL_ASSGNMNT,CLLTRL:PRTCTN_ARRNGMNT:SCRTY_EXCHNG_TRDBL_DRVTV:INSTRMNT:BLNC_SHT_NTTNG:CRDT_FCLTY:FNNCL_CNTRCT:SYNDCTD_CNTRCT
LNG_DBT_SCRTY_PSTN_PRDNTL_PRTFL_ASSGNMNT_ENCMBRNC_DT,LNG_SCRTY_PSTN_PRDNTL_PRTFL_ASSGNMNT:SCRTY_PSTN:ENTTY_RL:PRTY:SCRTY_EXCHNG_TRDBL_DRVTV
LNG_EQTY_FND_SCRTY_PSTN_PRDNTL_PRTFL_ASSGNMNT_ENCMBRNC_DT,LNG_SCRTY_PSTN_PRDNTL_PRTFL_ASSGNMNT:SCRTY_PSTN:ENTTY_RL:PRTY:SCRTY_EXCHNG_TRDBL_DRVTV
LNG_NN_NGTBL_SCRTY_PSTN_CLLTRL_ASSGNMNT,CLLTRL:PRTCTN_ARRNGMNT:SCRTY_EXCHNG_TRDBL_DRVTV:SCRTY_PSTN:ENTTY_RL:PRTY:GRP
LNG_SCRTY_PSTN_PRDNTL_PRTFL_ASSGNMNT,SCRTY_PSTN:ENTTY_RL:PRTY:GRP:SCRTY_EXCHNG_TRDBL_DRVTV
LNG_SCRTY_PSTN_PRDNTL_PRTFL_ASSGNMNT_ACCNTNG_CLSSFCTN_FNNCL_ASSTS_ASSGNMNT,LNG_SCRTY_PSTN_PRDNTL_PRTFL_ASSGNMNT:SCRTY_PSTN:ENTTY_RL:PRTY:SCRTY_EXCHNG_TRDBL_DRVTV
LNG_SCRTY_PSTN_PRDNTL_PRTFL_ASSGNMNT_RSK_DT,LNG_SCRTY_PSTN_PRDNTL_PRTFL_ASSGNMNT:SCRTY_PSTN:ENTTY_RL:PRTY:SCRTY_EXCHNG_TRDBL_DRVTV
LNKD_ENTRPRS_ASSGNMNT,ENTTY_RL:PRTY:GRP
MSTR_AGRMNT,
MSTR_AGRMNT_ENTTY_RL_ASSGNMNT,ENTTY_RL:PRTY:GRP:MSTR_AGRMNT
MSTR_AGRMNT_FNNCL_CNTRCT_ASSGNMNT,FNNCL_CNTRCT:SYNDCTD_CNTRCT:MSTR_AGRMNT
NN_FNNCL_ASST,
NN_FNNCL_LBLTY,
NTRL_PRSN_KY_MNGMNT_PRSNLL_ASSGNMNT,ENTTY_RL:PRTY:GRP
OFF_BLNC_INSTRMNT_CLLTRL_ASSGNMNT,CLLTRL:PRTCTN_ARRNGMNT:SCRTY_EXCHNG_TRDBL_DRVTV:INSTRMNT:BLNC_SHT_NTTNG:CRDT_FCLTY:FNNCL_CNTRCT:SYNDCTD_CNTRCT
OTC_DRVTV_INSTRMNT_SNTHTC_SCRTSTN_ASSGNMNT,INSTRMNT:BLNC_SHT_NTTNG:CRDT_FCLTY:FNNCL_CNTRCT:SYNDCTD_CNTRCT:SNTHTC_SCRTSTN:ASST_PL
OTHR_PRTY_ID,PRTY_CD:PRTY:GRP
PRTCTN_ARRNGMNT,
PRTCTN_PRTCTN_PRVD_ASSGNMNT,ENTTY_RL:PRTY:GRP:PRTCTN_ARRNGMNT
PRTNR_ENTRPRS_ASSGNMNT,ENTTY_RL:PRTY:GRP
PRTY,GRP:PRTY
PRTY_CD,PRTY:GRP
PRTY_PRVS_PRD_DT,PRTY:GRP
RPRCHS_AGRMNT_CMPNNT,INSTRMNT:BLNC_SHT_NTTNG:CRDT_FCLTY:FNNCL_CNTRCT:SYNDCTD_CNTRCT
RSK_FAC_SA,ENTTY_RL:PRTY:GRP:SCRTY_EXCHNG_TRDBL_DRVTV
RTNG_AGNCY,
RTNG_GRD,RTNG_SYSTM:RTNG_AGNCY
RTNG_GRD_CNTRY_ASSGNMNT,RTNG_GRD:RTNG_SYSTM:RTNG_AGNCY
RTNG_GRD_ISS_BSD_RTNG_SSTM_DBT_SCRTY_ASSGNMNT,RTNG_GRD:RTNG_SYSTM:RTNG_AGNCY:SCRTY_EXCHNG_TRDBL_DRVTV
RTNG_GRD_OTHR_ORGNSTN_ASSGNMNT,PRTY:GRP:RTNG_GRD:RTNG_SYSTM:RTNG_AGNCY
RTNG_SYSTM,RTNG_AGNCY
RTNG_SYSTM_APPLD_LGL_PRSN,PRTY:GRP:RTNG_SYSTM:RTNG_AGNCY
SBSDRY_JNT_VNTR_ASSCT_OTHR_ORGNSTN_ASSGNMNT,ENTTY_RL:PRTY:GRP
SCRTY_ENTTY_RL_ASSGNMNT,ENTTY_RL:PRTY:GRP:SCRTY_EXCHNG_TRDBL_DRVTV
SCRTY_EXCHNG_TRDBL_DRVTV,
SCRTY_HDGD_EXCHNG_TRDBL_DRVTV,EXCHNG_TRDBL_DRVTV_POSTN_RL:EXCHNG_TRDBL_DRVTV_PSTN:ENTTY_RL:PRTY:SCRTY_EXCHNG_TRDBL_DRVTV:LNG_SCRTY_PSTN_PRDNTL_PRTFL_ASSGNMNT:SCRTY_PSTN
SCRTY_PSTN,ENTTY_RL:PRTY:GRP:SCRTY_EXCHNG_TRDBL_DRVTV
SCRTY_PSTN_HDGD_OTC_DRVTV,ABSTRCT_INSTRMNT_RL:INSTRMNT:BLNC_SHT_NTTNG:CRDT_FCLTY:FNNCL_CNTRCT:SYNDCTD_CNTRCT:LNG_SCRTY_PSTN_PRDNTL_PRTFL_ASSGNMNT:SCRTY_PSTN:ENTTY_RL:PRTY:SCRTY_EXCHNG_TRDBL_DRVTV
SCRTY_SCRTY_RPRCHS_AGRMNT_CMPNNT_ASSGNMNT,RPRCHS_AGRMNT_CMPNNT:INSTRMNT:BLNC_SHT_NTTNG:CRDT_FCLTY:FNNCL_CNTRCT:SYNDCTD_CNTRCT:SCRTY_EXCHNG_TRDBL_DRVTV
SCTRY_BRRWNG_LNDNG_TRNSCTN_INCLDNG_CSH_CLLTRL,INSTRMNT:BLNC_SHT_NTTNG:CRDT_FCLTY:FNNCL_CNTRCT:SYNDCTD_CNTRCT:SCRTY_EXCHNG_TRDBL_DRVTV
SHRT_SCRTY_PSTN_PRDNTL_PRTFL_ASSGNMNT,SCRTY_PSTN:ENTTY_RL:PRTY:GRP:SCRTY_EXCHNG_TRDBL_DRVTV
SNTHTC_SCRTSTN,ASST_PL
SYNDCTD_CNTRCT,
TRDTNL_SCRTSTN,ASST_PL:CRDT_FCLTY:FNNCL_CNTRCT:SYNDCTD_CNTRCT
TRNCH_SYNTHTC_SCRTSTN_WTHT_SSPE_DPST,INSTRMNT:BLNC_SHT_NTTNG:CRDT_FCLTY:FNNCL_CNTRCT:SYNDCTD_CNTRCT:SNTHTC_SCRTSTN:ASST_PL
TRNCH_SYNTHTC_SCRTSTN_WTHT_SSPE_FNNCL_GRNT,INSTRMNT:BLNC_SHT_NTTNG:CRDT_FCLTY:FNNCL_CNTRCT:SYNDCTD_CNTRCT:SNTHTC_SCRTSTN:ASST_PL
TRNCH_TRDTNL_SCRTSTN,SCRTY_EXCHNG_TRDBL_DRVTV:TRDTNL_SCRTSTN:ASST_PL:CRDT_FCLTY:FNNCL_CNTRCT:SYNDCTD_CNTRCT
