MAINTENANCE_AGENCY_ID,VARIABLE_SET_ID,NAME,CODE,DESCRIPTION
ECB,MTRCS_F_14.00_MTRCS_REF,Variable Set for MTRCS of the Cube F_14.00,MTRCS_F_14.00_MTRCS_REF,Variable Set for MTRCS of the Cube F_14.00
ECB,MTRCS_F_23.06_MTRCS_REF,Variable Set for MTRCS of the Cube F_23.06,MTRCS_F_23.06_MTRCS_REF,Variable Set for MTRCS of the Cube F_23.06
ECB,3120023406042092780_REF,EBA_ATY(EBA_md69) - Reference,3120023406042092780_REF,EBA_ATY(EBA_md69) - Reference
ECB,17186128226079046680_REF,EBA_ATY(EBA_md216) - Reference,17186128226079046680_REF,EBA_ATY(EBA_md216) - Reference
ECB,4155188227603224196_REF,EBA_ATY(EBA_md685) - Reference,4155188227603224196_REF,EBA_ATY(EBA_md685) - Reference
ECB,MTRCS_F_45.03_MTRCS_REF,Variable Set for MTRCS of the Cube F_45.03,MTRCS_F_45.03_MTRCS_REF,Variable Set for MTRCS of the Cube F_45.03
ECB,4238432481266399990_REF,EBA_ATY(EBA_si169) - Reference,4238432481266399990_REF,EBA_ATY(EBA_si169) - Reference
ECB,16298269021191872769_REF,EBA_ATY(EBA_md252) - Reference,16298269021191872769_REF,EBA_ATY(EBA_md252) - Reference
ECB,10447639641125854752_REF,EBA_ATY(EBA_md13) - Reference,10447639641125854752_REF,EBA_ATY(EBA_md13) - Reference
ECB,1688043581793220531_REF,EBA_ATY(EBA_md60) - Reference,1688043581793220531_REF,EBA_ATY(EBA_md60) - Reference
ECB,15832968684166532116_REF,EBA_ATY(EBA_mi110) - Reference,15832968684166532116_REF,EBA_ATY(EBA_mi110) - Reference
ECB,MTRCS_F_23.05_MTRCS_REF,Variable Set for MTRCS of the Cube F_23.05,MTRCS_F_23.05_MTRCS_REF,Variable Set for MTRCS of the Cube F_23.05
ECB,MTRCS_F_19.00.e_MTRCS_REF,Variable Set for MTRCS of the Cube F_19.00.e,MTRCS_F_19.00.e_MTRCS_REF,Variable Set for MTRCS of the Cube F_19.00.e
ECB,15781102108515958179_REF,EBA_ATY(EBA_md197) - Reference,15781102108515958179_REF,EBA_ATY(EBA_md197) - Reference
ECB,MTRCS_F_20.03_MTRCS_REF,Variable Set for MTRCS of the Cube F_20.03,MTRCS_F_20.03_MTRCS_REF,Variable Set for MTRCS of the Cube F_20.03
ECB,MTRCS_F_11.03.1_MTRCS_REF,Variable Set for MTRCS of the Cube F_11.03.1,MTRCS_F_11.03.1_MTRCS_REF,Variable Set for MTRCS of the Cube F_11.03.1
ECB,MTRCS_F_13.03.1.b_MTRCS_REF,Variable Set for MTRCS of the Cube F_13.03.1.b,MTRCS_F_13.03.1.b_MTRCS_REF,Variable Set for MTRCS of the Cube F_13.03.1.b
ECB,15873869302575820389_REF,EBA_ATY(EBA_md104) - Reference,15873869302575820389_REF,EBA_ATY(EBA_md104) - Reference
ECB,MTRCS_F_25.02.b_MTRCS_REF,Variable Set for MTRCS of the Cube F_25.02.b,MTRCS_F_25.02.b_MTRCS_REF,Variable Set for MTRCS of the Cube F_25.02.b
ECB,MTRCS_F_04.10_MTRCS_REF,Variable Set for MTRCS of the Cube F_04.10,MTRCS_F_04.10_MTRCS_REF,Variable Set for MTRCS of the Cube F_04.10
ECB,14201322484001342695_REF,EBA_ATY(EBA_mi7) - Reference,14201322484001342695_REF,EBA_ATY(EBA_mi7) - Reference
ECB,16769790065540687312_REF,EBA_ATY(EBA_md114) - Reference,16769790065540687312_REF,EBA_ATY(EBA_md114) - Reference
ECB,MTRCS_F_16.03_MTRCS_REF,Variable Set for MTRCS of the Cube F_16.03,MTRCS_F_16.03_MTRCS_REF,Variable Set for MTRCS of the Cube F_16.03
ECB,MTRCS_F_08.01.a_MTRCS_REF,Variable Set for MTRCS of the Cube F_08.01.a,MTRCS_F_08.01.a_MTRCS_REF,Variable Set for MTRCS of the Cube F_08.01.a
ECB,MTRCS_F_25.01.c_MTRCS_REF,Variable Set for MTRCS of the Cube F_25.01.c,MTRCS_F_25.01.c_MTRCS_REF,Variable Set for MTRCS of the Cube F_25.01.c
ECB,5683672298719308419_REF,EBA_ATY(EBA_mi191) - Reference,5683672298719308419_REF,EBA_ATY(EBA_mi191) - Reference
ECB,17911574528201435670_REF,EBA_ATY(EBA_md515) - Reference,17911574528201435670_REF,EBA_ATY(EBA_md515) - Reference
ECB,13098072663541273355_REF,EBA_ATY(EBA_md199) - Reference,13098072663541273355_REF,EBA_ATY(EBA_md199) - Reference
ECB,14747351583251506353_REF,EBA_ATY(EBA_mi340) - Reference,14747351583251506353_REF,EBA_ATY(EBA_mi340) - Reference
ECB,3643522002986617066_REF,EBA_ATY(EBA_md14) - Reference,3643522002986617066_REF,EBA_ATY(EBA_md14) - Reference
ECB,14959619857164496646_REF,EBA_ATY(EBA_si476) - Reference,14959619857164496646_REF,EBA_ATY(EBA_si476) - Reference
ECB,MTRCS_F_04.05_MTRCS_REF,Variable Set for MTRCS of the Cube F_04.05,MTRCS_F_04.05_MTRCS_REF,Variable Set for MTRCS of the Cube F_04.05
ECB,MTRCS_F_17.02_MTRCS_REF,Variable Set for MTRCS of the Cube F_17.02,MTRCS_F_17.02_MTRCS_REF,Variable Set for MTRCS of the Cube F_17.02
ECB,14260327667032302333_REF,EBA_ATY(EBA_mi135) - Reference,14260327667032302333_REF,EBA_ATY(EBA_mi135) - Reference
ECB,MTRCS_F_24.02_MTRCS_REF,Variable Set for MTRCS of the Cube F_24.02,MTRCS_F_24.02_MTRCS_REF,Variable Set for MTRCS of the Cube F_24.02
ECB,MTRCS_F_18.00.d_MTRCS_REF,Variable Set for MTRCS of the Cube F_18.00.d,MTRCS_F_18.00.d_MTRCS_REF,Variable Set for MTRCS of the Cube F_18.00.d
ECB,MTRCS_F_04.01_MTRCS_REF,Variable Set for MTRCS of the Cube F_04.01,MTRCS_F_04.01_MTRCS_REF,Variable Set for MTRCS of the Cube F_04.01
ECB,11155752204717548458_REF,EBA_ATY(EBA_mi678) - Reference,11155752204717548458_REF,EBA_ATY(EBA_mi678) - Reference
ECB,MTRCS_F_19.00.c_MTRCS_REF,Variable Set for MTRCS of the Cube F_19.00.c,MTRCS_F_19.00.c_MTRCS_REF,Variable Set for MTRCS of the Cube F_19.00.c
ECB,15281074544004834307_REF,EBA_ATY(EBA_mi688) - Reference,15281074544004834307_REF,EBA_ATY(EBA_mi688) - Reference
ECB,MTRCS_F_01.01_MTRCS_REF,Variable Set for MTRCS of the Cube F_01.01,MTRCS_F_01.01_MTRCS_REF,Variable Set for MTRCS of the Cube F_01.01
ECB,MTRCS_F_17.01_MTRCS_REF,Variable Set for MTRCS of the Cube F_17.01,MTRCS_F_17.01_MTRCS_REF,Variable Set for MTRCS of the Cube F_17.01
ECB,15763738987323879028_REF,EBA_ATY(EBA_mi45) - Reference,15763738987323879028_REF,EBA_ATY(EBA_mi45) - Reference
ECB,10755392938081896465_REF,EBA_ATY(EBA_md12) - Reference,10755392938081896465_REF,EBA_ATY(EBA_md12) - Reference
ECB,9509836001316662777_REF,EBA_ATY(EBA_di113) - Reference,9509836001316662777_REF,EBA_ATY(EBA_di113) - Reference
ECB,MTRCS_F_45.01_MTRCS_REF,Variable Set for MTRCS of the Cube F_45.01,MTRCS_F_45.01_MTRCS_REF,Variable Set for MTRCS of the Cube F_45.01
ECB,1017416816873666741_REF,EBA_ATY(EBA_mi770) - Reference,1017416816873666741_REF,EBA_ATY(EBA_mi770) - Reference
ECB,6750364677940919480_REF,EBA_ATY(EBA_md200) - Reference,6750364677940919480_REF,EBA_ATY(EBA_md200) - Reference
ECB,MTRCS_F_10.00_MTRCS_REF,Variable Set for MTRCS of the Cube F_10.00,MTRCS_F_10.00_MTRCS_REF,Variable Set for MTRCS of the Cube F_10.00
ECB,MTRCS_F_11.02_MTRCS_REF,Variable Set for MTRCS of the Cube F_11.02,MTRCS_F_11.02_MTRCS_REF,Variable Set for MTRCS of the Cube F_11.02
ECB,2508521452773937215_REF,EBA_ATY(EBA_mi35) - Reference,2508521452773937215_REF,EBA_ATY(EBA_mi35) - Reference
ECB,16261088245049810175_REF,EBA_ATY(EBA_md686) - Reference,16261088245049810175_REF,EBA_ATY(EBA_md686) - Reference
ECB,MTRCS_F_11.04_MTRCS_REF,Variable Set for MTRCS of the Cube F_11.04,MTRCS_F_11.04_MTRCS_REF,Variable Set for MTRCS of the Cube F_11.04
ECB,MTRCS_F_07.02_MTRCS_REF,Variable Set for MTRCS of the Cube F_07.02,MTRCS_F_07.02_MTRCS_REF,Variable Set for MTRCS of the Cube F_07.02
ECB,17626844296030320267_REF,EBA_ATY(EBA_ri769) - Reference,17626844296030320267_REF,EBA_ATY(EBA_ri769) - Reference
ECB,MTRCS_F_23.04_MTRCS_REF,Variable Set for MTRCS of the Cube F_23.04,MTRCS_F_23.04_MTRCS_REF,Variable Set for MTRCS of the Cube F_23.04
ECB,MTRCS_F_04.02.2_MTRCS_REF,Variable Set for MTRCS of the Cube F_04.02.2,MTRCS_F_04.02.2_MTRCS_REF,Variable Set for MTRCS of the Cube F_04.02.2
ECB,725273257492148005_REF,EBA_ATY(EBA_mi172) - Reference,725273257492148005_REF,EBA_ATY(EBA_mi172) - Reference
ECB,MTRCS_F_00.01_MTRCS_REF,Variable Set for MTRCS of the Cube F_00.01,MTRCS_F_00.01_MTRCS_REF,Variable Set for MTRCS of the Cube F_00.01
ECB,MTRCS_F_16.04.1_MTRCS_REF,Variable Set for MTRCS of the Cube F_16.04.1,MTRCS_F_16.04.1_MTRCS_REF,Variable Set for MTRCS of the Cube F_16.04.1
ECB,6056665978884242883_REF,EBA_ATY(EBA_ei138) - Reference,6056665978884242883_REF,EBA_ATY(EBA_ei138) - Reference
ECB,16556802154542118490_REF,EBA_ATY(EBA_mi9) - Reference,16556802154542118490_REF,EBA_ATY(EBA_mi9) - Reference
ECB,MTRCS_F_40.02_MTRCS_REF,Variable Set for MTRCS of the Cube F_40.02,MTRCS_F_40.02_MTRCS_REF,Variable Set for MTRCS of the Cube F_40.02
ECB,MTRCS_F_13.01_MTRCS_REF,Variable Set for MTRCS of the Cube F_13.01,MTRCS_F_13.01_MTRCS_REF,Variable Set for MTRCS of the Cube F_13.01
ECB,13342484621215892839_REF,EBA_ATY(EBA_md201) - Reference,13342484621215892839_REF,EBA_ATY(EBA_md201) - Reference
ECB,8151035684663916366_REF,EBA_ATY(EBA_md105) - Reference,8151035684663916366_REF,EBA_ATY(EBA_md105) - Reference
ECB,988632928423637155_REF,EBA_ATY(EBA_ei365) - Reference,988632928423637155_REF,EBA_ATY(EBA_ei365) - Reference
ECB,5124173598708528704_REF,EBA_ATY(EBA_md514) - Reference,5124173598708528704_REF,EBA_ATY(EBA_md514) - Reference
ECB,MTRCS_F_03.00_MTRCS_REF,Variable Set for MTRCS of the Cube F_03.00,MTRCS_F_03.00_MTRCS_REF,Variable Set for MTRCS of the Cube F_03.00
ECB,15582466232844993095_REF,EBA_ATY(EBA_mi129) - Reference,15582466232844993095_REF,EBA_ATY(EBA_mi129) - Reference
ECB,MTRCS_F_19.00.b_MTRCS_REF,Variable Set for MTRCS of the Cube F_19.00.b,MTRCS_F_19.00.b_MTRCS_REF,Variable Set for MTRCS of the Cube F_19.00.b
ECB,MTRCS_F_09.02_MTRCS_REF,Variable Set for MTRCS of the Cube F_09.02,MTRCS_F_09.02_MTRCS_REF,Variable Set for MTRCS of the Cube F_09.02
ECB,8000921335479731010_REF,EBA_ATY(EBA_md516) - Reference,8000921335479731010_REF,EBA_ATY(EBA_md516) - Reference
ECB,MTRCS_F_16.02_MTRCS_REF,Variable Set for MTRCS of the Cube F_16.02,MTRCS_F_16.02_MTRCS_REF,Variable Set for MTRCS of the Cube F_16.02
ECB,6691857468719214238_REF,EBA_ATY(EBA_mi697) - Reference,6691857468719214238_REF,EBA_ATY(EBA_mi697) - Reference
ECB,MTRCS_F_09.01.1_MTRCS_REF,Variable Set for MTRCS of the Cube F_09.01.1,MTRCS_F_09.01.1_MTRCS_REF,Variable Set for MTRCS of the Cube F_09.01.1
ECB,4036245234541037893_REF,EBA_ATY(EBA_md511) - Reference,4036245234541037893_REF,EBA_ATY(EBA_md511) - Reference
ECB,MTRCS_F_12.01.b_MTRCS_REF,Variable Set for MTRCS of the Cube F_12.01.b,MTRCS_F_12.01.b_MTRCS_REF,Variable Set for MTRCS of the Cube F_12.01.b
ECB,2990176717101267012_REF,EBA_ATY(EBA_md512) - Reference,2990176717101267012_REF,EBA_ATY(EBA_md512) - Reference
ECB,11294697816498749024_REF,EBA_ATY(EBA_ei218) - Reference,11294697816498749024_REF,EBA_ATY(EBA_ei218) - Reference
ECB,16884332320913229156_REF,EBA_ATY(EBA_md73) - Reference,16884332320913229156_REF,EBA_ATY(EBA_md73) - Reference
ECB,MTRCS_F_41.01_MTRCS_REF,Variable Set for MTRCS of the Cube F_41.01,MTRCS_F_41.01_MTRCS_REF,Variable Set for MTRCS of the Cube F_41.01
ECB,MTRCS_F_08.02_MTRCS_REF,Variable Set for MTRCS of the Cube F_08.02,MTRCS_F_08.02_MTRCS_REF,Variable Set for MTRCS of the Cube F_08.02
ECB,MTRCS_F_20.06_MTRCS_REF,Variable Set for MTRCS of the Cube F_20.06,MTRCS_F_20.06_MTRCS_REF,Variable Set for MTRCS of the Cube F_20.06
ECB,MTRCS_F_11.03_MTRCS_REF,Variable Set for MTRCS of the Cube F_11.03,MTRCS_F_11.03_MTRCS_REF,Variable Set for MTRCS of the Cube F_11.03
ECB,MTRCS_F_40.01_MTRCS_REF,Variable Set for MTRCS of the Cube F_40.01,MTRCS_F_40.01_MTRCS_REF,Variable Set for MTRCS of the Cube F_40.01
ECB,MTRCS_F_07.01_MTRCS_REF,Variable Set for MTRCS of the Cube F_07.01,MTRCS_F_07.01_MTRCS_REF,Variable Set for MTRCS of the Cube F_07.01
ECB,MTRCS_F_22.02_MTRCS_REF,Variable Set for MTRCS of the Cube F_22.02,MTRCS_F_22.02_MTRCS_REF,Variable Set for MTRCS of the Cube F_22.02
ECB,3513660512628058048_REF,EBA_ATY(EBA_mi507) - Reference,3513660512628058048_REF,EBA_ATY(EBA_mi507) - Reference
ECB,9346864144406551648_REF,EBA_ATY(EBA_mi195) - Reference,9346864144406551648_REF,EBA_ATY(EBA_mi195) - Reference
ECB,MTRCS_F_04.04.1_MTRCS_REF,Variable Set for MTRCS of the Cube F_04.04.1,MTRCS_F_04.04.1_MTRCS_REF,Variable Set for MTRCS of the Cube F_04.04.1
ECB,MTRCS_F_31.02_MTRCS_REF,Variable Set for MTRCS of the Cube F_31.02,MTRCS_F_31.02_MTRCS_REF,Variable Set for MTRCS of the Cube F_31.02
ECB,14843193351371296448_REF,EBA_ATY(EBA_mi134) - Reference,14843193351371296448_REF,EBA_ATY(EBA_mi134) - Reference
ECB,MTRCS_F_25.02.c_MTRCS_REF,Variable Set for MTRCS of the Cube F_25.02.c,MTRCS_F_25.02.c_MTRCS_REF,Variable Set for MTRCS of the Cube F_25.02.c
ECB,15280305744003944858_REF,EBA_ATY(EBA_md149) - Reference,15280305744003944858_REF,EBA_ATY(EBA_md149) - Reference
ECB,10310548703140933600_REF,EBA_ATY(EBA_mi696) - Reference,10310548703140933600_REF,EBA_ATY(EBA_mi696) - Reference
ECB,MTRCS_F_02.00_MTRCS_REF,Variable Set for MTRCS of the Cube F_02.00,MTRCS_F_02.00_MTRCS_REF,Variable Set for MTRCS of the Cube F_02.00
ECB,MTRCS_F_45.02_MTRCS_REF,Variable Set for MTRCS of the Cube F_45.02,MTRCS_F_45.02_MTRCS_REF,Variable Set for MTRCS of the Cube F_45.02
ECB,MTRCS_F_25.03.b_MTRCS_REF,Variable Set for MTRCS of the Cube F_25.03.b,MTRCS_F_25.03.b_MTRCS_REF,Variable Set for MTRCS of the Cube F_25.03.b
ECB,4433237475396205970_REF,EBA_ATY(EBA_md683) - Reference,4433237475396205970_REF,EBA_ATY(EBA_md683) - Reference
ECB,11048243512134927963_REF,EBA_ATY(EBA_md70) - Reference,11048243512134927963_REF,EBA_ATY(EBA_md70) - Reference
ECB,MTRCS_F_46.00_MTRCS_REF,Variable Set for MTRCS of the Cube F_46.00,MTRCS_F_46.00_MTRCS_REF,Variable Set for MTRCS of the Cube F_46.00
ECB,MTRCS_F_05.01_MTRCS_REF,Variable Set for MTRCS of the Cube F_05.01,MTRCS_F_05.01_MTRCS_REF,Variable Set for MTRCS of the Cube F_05.01
ECB,10021977646305939201_REF,EBA_ATY(EBA_mi692) - Reference,10021977646305939201_REF,EBA_ATY(EBA_mi692) - Reference
ECB,MTRCS_F_25.02.a_MTRCS_REF,Variable Set for MTRCS of the Cube F_25.02.a,MTRCS_F_25.02.a_MTRCS_REF,Variable Set for MTRCS of the Cube F_25.02.a
ECB,MTRCS_F_13.03.1.a_MTRCS_REF,Variable Set for MTRCS of the Cube F_13.03.1.a,MTRCS_F_13.03.1.a_MTRCS_REF,Variable Set for MTRCS of the Cube F_13.03.1.a
ECB,MTRCS_F_08.01.b_MTRCS_REF,Variable Set for MTRCS of the Cube F_08.01.b,MTRCS_F_08.01.b_MTRCS_REF,Variable Set for MTRCS of the Cube F_08.01.b
ECB,3022830411552321978_REF,EBA_ATY(EBA_mi693) - Reference,3022830411552321978_REF,EBA_ATY(EBA_mi693) - Reference
ECB,14683086469168280223_REF,EBA_ATY(EBA_si477) - Reference,14683086469168280223_REF,EBA_ATY(EBA_si477) - Reference
ECB,MTRCS_F_18.01_MTRCS_REF,Variable Set for MTRCS of the Cube F_18.01,MTRCS_F_18.01_MTRCS_REF,Variable Set for MTRCS of the Cube F_18.01
ECB,2586680230449591099_REF,EBA_ATY(EBA_mi109) - Reference,2586680230449591099_REF,EBA_ATY(EBA_mi109) - Reference
ECB,1874545491917404562_REF,EBA_ATY(EBA_mi506) - Reference,1874545491917404562_REF,EBA_ATY(EBA_mi506) - Reference
ECB,MTRCS_F_23.02_MTRCS_REF,Variable Set for MTRCS of the Cube F_23.02,MTRCS_F_23.02_MTRCS_REF,Variable Set for MTRCS of the Cube F_23.02
ECB,4934147852933068593_REF,EBA_ATY(EBA_md140) - Reference,4934147852933068593_REF,EBA_ATY(EBA_md140) - Reference
ECB,MTRCS_F_09.01_MTRCS_REF,Variable Set for MTRCS of the Cube F_09.01,MTRCS_F_09.01_MTRCS_REF,Variable Set for MTRCS of the Cube F_09.01
ECB,3306936036550784077_REF,EBA_ATY(EBA_md108) - Reference,3306936036550784077_REF,EBA_ATY(EBA_md108) - Reference
ECB,MTRCS_F_25.03.a_MTRCS_REF,Variable Set for MTRCS of the Cube F_25.03.a,MTRCS_F_25.03.a_MTRCS_REF,Variable Set for MTRCS of the Cube F_25.03.a
ECB,8732297734646917219_REF,EBA_ATY(EBA_md59) - Reference,8732297734646917219_REF,EBA_ATY(EBA_md59) - Reference
ECB,MTRCS_F_44.02_MTRCS_REF,Variable Set for MTRCS of the Cube F_44.02,MTRCS_F_44.02_MTRCS_REF,Variable Set for MTRCS of the Cube F_44.02
ECB,1777643580690892578_REF,EBA_ATY(EBA_md254) - Reference,1777643580690892578_REF,EBA_ATY(EBA_md254) - Reference
ECB,14010685629810865207_REF,EBA_ATY(EBA_md203) - Reference,14010685629810865207_REF,EBA_ATY(EBA_md203) - Reference
ECB,MTRCS_F_16.06_MTRCS_REF,Variable Set for MTRCS of the Cube F_16.06,MTRCS_F_16.06_MTRCS_REF,Variable Set for MTRCS of the Cube F_16.06
ECB,3580546362157940484_REF,EBA_ATY(EBA_md675) - Reference,3580546362157940484_REF,EBA_ATY(EBA_md675) - Reference
ECB,MTRCS_F_04.07_MTRCS_REF,Variable Set for MTRCS of the Cube F_04.07,MTRCS_F_04.07_MTRCS_REF,Variable Set for MTRCS of the Cube F_04.07
ECB,MTRCS_F_04.03.1_MTRCS_REF,Variable Set for MTRCS of the Cube F_04.03.1,MTRCS_F_04.03.1_MTRCS_REF,Variable Set for MTRCS of the Cube F_04.03.1
ECB,14543394195450354929_REF,EBA_ATY(EBA_md510) - Reference,14543394195450354929_REF,EBA_ATY(EBA_md510) - Reference
ECB,7063043392329280990_REF,EBA_ATY(EBA_mi503) - Reference,7063043392329280990_REF,EBA_ATY(EBA_mi503) - Reference
ECB,MTRCS_F_26.00.b_MTRCS_REF,Variable Set for MTRCS of the Cube F_26.00.b,MTRCS_F_26.00.b_MTRCS_REF,Variable Set for MTRCS of the Cube F_26.00.b
ECB,MTRCS_F_23.03_MTRCS_REF,Variable Set for MTRCS of the Cube F_23.03,MTRCS_F_23.03_MTRCS_REF,Variable Set for MTRCS of the Cube F_23.03
ECB,17738000420872972734_REF,EBA_ATY(EBA_ii676) - Reference,17738000420872972734_REF,EBA_ATY(EBA_ii676) - Reference
ECB,MTRCS_F_41.02_MTRCS_REF,Variable Set for MTRCS of the Cube F_41.02,MTRCS_F_41.02_MTRCS_REF,Variable Set for MTRCS of the Cube F_41.02
ECB,9338417940411742131_REF,EBA_ATY(EBA_md150) - Reference,9338417940411742131_REF,EBA_ATY(EBA_md150) - Reference
ECB,5018436799317893249_REF,EBA_ATY(EBA_si475) - Reference,5018436799317893249_REF,EBA_ATY(EBA_si475) - Reference
ECB,MTRCS_F_18.00.b_MTRCS_REF,Variable Set for MTRCS of the Cube F_18.00.b,MTRCS_F_18.00.b_MTRCS_REF,Variable Set for MTRCS of the Cube F_18.00.b
ECB,9488831869283455922_REF,EBA_ATY(EBA_md147) - Reference,9488831869283455922_REF,EBA_ATY(EBA_md147) - Reference
ECB,MTRCS_F_19.00.d_MTRCS_REF,Variable Set for MTRCS of the Cube F_19.00.d,MTRCS_F_19.00.d_MTRCS_REF,Variable Set for MTRCS of the Cube F_19.00.d
ECB,MTRCS_F_18.00.c_MTRCS_REF,Variable Set for MTRCS of the Cube F_18.00.c,MTRCS_F_18.00.c_MTRCS_REF,Variable Set for MTRCS of the Cube F_18.00.c
ECB,MTRCS_F_25.01.b_MTRCS_REF,Variable Set for MTRCS of the Cube F_25.01.b,MTRCS_F_25.01.b_MTRCS_REF,Variable Set for MTRCS of the Cube F_25.01.b
ECB,4034868948470850090_REF,EBA_ATY(EBA_mi679) - Reference,4034868948470850090_REF,EBA_ATY(EBA_mi679) - Reference
ECB,8386035556766474584_REF,EBA_ATY(EBA_mi501) - Reference,8386035556766474584_REF,EBA_ATY(EBA_mi501) - Reference
ECB,14530696220134357986_REF,EBA_ATY(EBA_mi65) - Reference,14530696220134357986_REF,EBA_ATY(EBA_mi65) - Reference
ECB,MTRCS_F_04.09_MTRCS_REF,Variable Set for MTRCS of the Cube F_04.09,MTRCS_F_04.09_MTRCS_REF,Variable Set for MTRCS of the Cube F_04.09
ECB,MTRCS_F_13.03_MTRCS_REF,Variable Set for MTRCS of the Cube F_13.03,MTRCS_F_13.03_MTRCS_REF,Variable Set for MTRCS of the Cube F_13.03
ECB,2296479326008667036_REF,EBA_ATY(EBA_mi164) - Reference,2296479326008667036_REF,EBA_ATY(EBA_mi164) - Reference
ECB,17077482325396553192_REF,EBA_ATY(EBA_mi43) - Reference,17077482325396553192_REF,EBA_ATY(EBA_mi43) - Reference
ECB,17220670634258440943_REF,EBA_ATY(EBA_md62) - Reference,17220670634258440943_REF,EBA_ATY(EBA_md62) - Reference
ECB,15213274140460021143_REF,EBA_ATY(EBA_md72) - Reference,15213274140460021143_REF,EBA_ATY(EBA_md72) - Reference
ECB,MTRCS_F_15.00.a_MTRCS_REF,Variable Set for MTRCS of the Cube F_15.00.a,MTRCS_F_15.00.a_MTRCS_REF,Variable Set for MTRCS of the Cube F_15.00.a
ECB,MTRCS_F_47.00_MTRCS_REF,Variable Set for MTRCS of the Cube F_47.00,MTRCS_F_47.00_MTRCS_REF,Variable Set for MTRCS of the Cube F_47.00
ECB,MTRCS_F_04.06_MTRCS_REF,Variable Set for MTRCS of the Cube F_04.06,MTRCS_F_04.06_MTRCS_REF,Variable Set for MTRCS of the Cube F_04.06
ECB,16615736267809646416_REF,EBA_ATY(EBA_md239) - Reference,16615736267809646416_REF,EBA_ATY(EBA_md239) - Reference
ECB,MTRCS_F_20.05.a_MTRCS_REF,Variable Set for MTRCS of the Cube F_20.05.a,MTRCS_F_20.05.a_MTRCS_REF,Variable Set for MTRCS of the Cube F_20.05.a
ECB,10625761857040475626_REF,EBA_ATY(EBA_md67) - Reference,10625761857040475626_REF,EBA_ATY(EBA_md67) - Reference
ECB,MTRCS_F_25.01.a_MTRCS_REF,Variable Set for MTRCS of the Cube F_25.01.a,MTRCS_F_25.01.a_MTRCS_REF,Variable Set for MTRCS of the Cube F_25.01.a
ECB,14242093643207006424_REF,EBA_ATY(EBA_md83) - Reference,14242093643207006424_REF,EBA_ATY(EBA_md83) - Reference
ECB,909255488769815556_REF,EBA_ATY(EBA_mi504) - Reference,909255488769815556_REF,EBA_ATY(EBA_mi504) - Reference
ECB,4117253993722026055_REF,EBA_ATY(EBA_ii694) - Reference,4117253993722026055_REF,EBA_ATY(EBA_ii694) - Reference
ECB,MTRCS_F_12.00_MTRCS_REF,Variable Set for MTRCS of the Cube F_12.00,MTRCS_F_12.00_MTRCS_REF,Variable Set for MTRCS of the Cube F_12.00
ECB,MTRCS_F_20.05.b_MTRCS_REF,Variable Set for MTRCS of the Cube F_20.05.b,MTRCS_F_20.05.b_MTRCS_REF,Variable Set for MTRCS of the Cube F_20.05.b
ECB,MTRCS_F_18.02.c_MTRCS_REF,Variable Set for MTRCS of the Cube F_18.02.c,MTRCS_F_18.02.c_MTRCS_REF,Variable Set for MTRCS of the Cube F_18.02.c
ECB,MTRCS_F_13.02.1.b_MTRCS_REF,Variable Set for MTRCS of the Cube F_13.02.1.b,MTRCS_F_13.02.1.b_MTRCS_REF,Variable Set for MTRCS of the Cube F_13.02.1.b
ECB,MTRCS_F_31.01_MTRCS_REF,Variable Set for MTRCS of the Cube F_31.01,MTRCS_F_31.01_MTRCS_REF,Variable Set for MTRCS of the Cube F_31.01
ECB,9767750558645521852_REF,EBA_ATY(EBA_mi691) - Reference,9767750558645521852_REF,EBA_ATY(EBA_mi691) - Reference
ECB,9677777298412393391_REF,EBA_ATY(EBA_md509) - Reference,9677777298412393391_REF,EBA_ATY(EBA_md509) - Reference
ECB,MTRCS_F_30.01_MTRCS_REF,Variable Set for MTRCS of the Cube F_30.01,MTRCS_F_30.01_MTRCS_REF,Variable Set for MTRCS of the Cube F_30.01
ECB,18078116867075660175_REF,EBA_ATY(EBA_md202) - Reference,18078116867075660175_REF,EBA_ATY(EBA_md202) - Reference
ECB,MTRCS_F_16.07.b_MTRCS_REF,Variable Set for MTRCS of the Cube F_16.07.b,MTRCS_F_16.07.b_MTRCS_REF,Variable Set for MTRCS of the Cube F_16.07.b
ECB,MTRCS_F_24.01_MTRCS_REF,Variable Set for MTRCS of the Cube F_24.01,MTRCS_F_24.01_MTRCS_REF,Variable Set for MTRCS of the Cube F_24.01
ECB,8531648081192822646_REF,EBA_ATY(EBA_md186) - Reference,8531648081192822646_REF,EBA_ATY(EBA_md186) - Reference
ECB,MTRCS_F_16.01_MTRCS_REF,Variable Set for MTRCS of the Cube F_16.01,MTRCS_F_16.01_MTRCS_REF,Variable Set for MTRCS of the Cube F_16.01
ECB,MTRCS_F_24.03_MTRCS_REF,Variable Set for MTRCS of the Cube F_24.03,MTRCS_F_24.03_MTRCS_REF,Variable Set for MTRCS of the Cube F_24.03
ECB,9348397123312128136_REF,EBA_ATY(EBA_md103) - Reference,9348397123312128136_REF,EBA_ATY(EBA_md103) - Reference
ECB,9611914866463986113_REF,EBA_ATY(EBA_md249) - Reference,9611914866463986113_REF,EBA_ATY(EBA_md249) - Reference
ECB,MTRCS_F_06.01_MTRCS_REF,Variable Set for MTRCS of the Cube F_06.01,MTRCS_F_06.01_MTRCS_REF,Variable Set for MTRCS of the Cube F_06.01
ECB,13417561674237711791_REF,EBA_ATY(EBA_mi508) - Reference,13417561674237711791_REF,EBA_ATY(EBA_mi508) - Reference
ECB,MTRCS_F_20.01_MTRCS_REF,Variable Set for MTRCS of the Cube F_20.01,MTRCS_F_20.01_MTRCS_REF,Variable Set for MTRCS of the Cube F_20.01
ECB,8237426778662573009_REF,EBA_ATY(EBA_md684) - Reference,8237426778662573009_REF,EBA_ATY(EBA_md684) - Reference
ECB,MTRCS_F_17.03_MTRCS_REF,Variable Set for MTRCS of the Cube F_17.03,MTRCS_F_17.03_MTRCS_REF,Variable Set for MTRCS of the Cube F_17.03
ECB,8872822698139644453_REF,EBA_ATY(EBA_si299) - Reference,8872822698139644453_REF,EBA_ATY(EBA_si299) - Reference
ECB,15861555230092883852_REF,EBA_ATY(EBA_pi221) - Reference,15861555230092883852_REF,EBA_ATY(EBA_pi221) - Reference
ECB,13340907475493141665_REF,EBA_ATY(EBA_md85) - Reference,13340907475493141665_REF,EBA_ATY(EBA_md85) - Reference
ECB,2035851618792055694_REF,EBA_ATY(EBA_md11) - Reference,2035851618792055694_REF,EBA_ATY(EBA_md11) - Reference
ECB,11381913425434114974_REF,EBA_ATY(EBA_mi682) - Reference,11381913425434114974_REF,EBA_ATY(EBA_mi682) - Reference
ECB,18275956648139188358_REF,EBA_ATY(EBA_ei364) - Reference,18275956648139188358_REF,EBA_ATY(EBA_ei364) - Reference
ECB,MTRCS_F_11.01_MTRCS_REF,Variable Set for MTRCS of the Cube F_11.01,MTRCS_F_11.01_MTRCS_REF,Variable Set for MTRCS of the Cube F_11.01
ECB,MTRCS_F_44.01_MTRCS_REF,Variable Set for MTRCS of the Cube F_44.01,MTRCS_F_44.01_MTRCS_REF,Variable Set for MTRCS of the Cube F_44.01
ECB,MTRCS_F_44.03_MTRCS_REF,Variable Set for MTRCS of the Cube F_44.03,MTRCS_F_44.03_MTRCS_REF,Variable Set for MTRCS of the Cube F_44.03
ECB,MTRCS_F_43.00_MTRCS_REF,Variable Set for MTRCS of the Cube F_43.00,MTRCS_F_43.00_MTRCS_REF,Variable Set for MTRCS of the Cube F_43.00
ECB,14908322317594720467_REF,EBA_ATY(EBA_mi136) - Reference,14908322317594720467_REF,EBA_ATY(EBA_mi136) - Reference
ECB,MTRCS_F_20.07.1_MTRCS_REF,Variable Set for MTRCS of the Cube F_20.07.1,MTRCS_F_20.07.1_MTRCS_REF,Variable Set for MTRCS of the Cube F_20.07.1
ECB,MTRCS_F_19.00.a_MTRCS_REF,Variable Set for MTRCS of the Cube F_19.00.a,MTRCS_F_19.00.a_MTRCS_REF,Variable Set for MTRCS of the Cube F_19.00.a
ECB,16827164688508751619_REF,EBA_ATY(EBA_mi339) - Reference,16827164688508751619_REF,EBA_ATY(EBA_mi339) - Reference
ECB,MTRCS_F_20.04_MTRCS_REF,Variable Set for MTRCS of the Cube F_20.04,MTRCS_F_20.04_MTRCS_REF,Variable Set for MTRCS of the Cube F_20.04
ECB,1914567176785075883_REF,EBA_ATY(EBA_ii699) - Reference,1914567176785075883_REF,EBA_ATY(EBA_ii699) - Reference
ECB,5514973550143905855_REF,EBA_ATY(EBA_md687) - Reference,5514973550143905855_REF,EBA_ATY(EBA_md687) - Reference
ECB,MTRCS_F_22.01_MTRCS_REF,Variable Set for MTRCS of the Cube F_22.01,MTRCS_F_22.01_MTRCS_REF,Variable Set for MTRCS of the Cube F_22.01
ECB,MTRCS_F_21.00_MTRCS_REF,Variable Set for MTRCS of the Cube F_21.00,MTRCS_F_21.00_MTRCS_REF,Variable Set for MTRCS of the Cube F_21.00
ECB,6749189447780161481_REF,EBA_ATY(EBA_mi689) - Reference,6749189447780161481_REF,EBA_ATY(EBA_mi689) - Reference
ECB,9850692450922271703_REF,EBA_ATY(EBA_mi500) - Reference,9850692450922271703_REF,EBA_ATY(EBA_mi500) - Reference
ECB,13109409736578551112_REF,EBA_ATY(EBA_mi505) - Reference,13109409736578551112_REF,EBA_ATY(EBA_mi505) - Reference
ECB,707240439644672668_REF,EBA_ATY(EBA_mi502) - Reference,707240439644672668_REF,EBA_ATY(EBA_mi502) - Reference
ECB,11207418868416368889_REF,EBA_ATY(EBA_mi772) - Reference,11207418868416368889_REF,EBA_ATY(EBA_mi772) - Reference
ECB,MTRCS_F_44.04_MTRCS_REF,Variable Set for MTRCS of the Cube F_44.04,MTRCS_F_44.04_MTRCS_REF,Variable Set for MTRCS of the Cube F_44.04
ECB,5201938199921205623_REF,EBA_ATY(EBA_md242) - Reference,5201938199921205623_REF,EBA_ATY(EBA_md242) - Reference
ECB,18200570361412812649_REF,EBA_ATY(EBA_mi37) - Reference,18200570361412812649_REF,EBA_ATY(EBA_mi37) - Reference
ECB,13701869675344776781_REF,EBA_ATY(EBA_md151) - Reference,13701869675344776781_REF,EBA_ATY(EBA_md151) - Reference
ECB,MTRCS_F_30.02_MTRCS_REF,Variable Set for MTRCS of the Cube F_30.02,MTRCS_F_30.02_MTRCS_REF,Variable Set for MTRCS of the Cube F_30.02
ECB,1343878533097320678_REF,EBA_ATY(EBA_md131) - Reference,1343878533097320678_REF,EBA_ATY(EBA_md131) - Reference
ECB,MTRCS_F_16.04_MTRCS_REF,Variable Set for MTRCS of the Cube F_16.04,MTRCS_F_16.04_MTRCS_REF,Variable Set for MTRCS of the Cube F_16.04
ECB,11551214758248798519_REF,EBA_ATY(EBA_md210) - Reference,11551214758248798519_REF,EBA_ATY(EBA_md210) - Reference
ECB,10370576766397065305_REF,EBA_ATY(EBA_md233) - Reference,10370576766397065305_REF,EBA_ATY(EBA_md233) - Reference
ECB,2075401706210063639_REF,EBA_ATY(EBA_mi66) - Reference,2075401706210063639_REF,EBA_ATY(EBA_mi66) - Reference
ECB,MTRCS_F_04.08_MTRCS_REF,Variable Set for MTRCS of the Cube F_04.08,MTRCS_F_04.08_MTRCS_REF,Variable Set for MTRCS of the Cube F_04.08
ECB,MTRCS_F_20.02_MTRCS_REF,Variable Set for MTRCS of the Cube F_20.02,MTRCS_F_20.02_MTRCS_REF,Variable Set for MTRCS of the Cube F_20.02
ECB,MTRCS_F_23.01_MTRCS_REF,Variable Set for MTRCS of the Cube F_23.01,MTRCS_F_23.01_MTRCS_REF,Variable Set for MTRCS of the Cube F_23.01
ECB,11105292696563128214_REF,EBA_ATY(EBA_md71) - Reference,11105292696563128214_REF,EBA_ATY(EBA_md71) - Reference
ECB,MTRCS_F_42.00_MTRCS_REF,Variable Set for MTRCS of the Cube F_42.00,MTRCS_F_42.00_MTRCS_REF,Variable Set for MTRCS of the Cube F_42.00
ECB,MTRCS_F_18.02.a_MTRCS_REF,Variable Set for MTRCS of the Cube F_18.02.a,MTRCS_F_18.02.a_MTRCS_REF,Variable Set for MTRCS of the Cube F_18.02.a
ECB,MTRCS_F_16.07.a_MTRCS_REF,Variable Set for MTRCS of the Cube F_16.07.a,MTRCS_F_16.07.a_MTRCS_REF,Variable Set for MTRCS of the Cube F_16.07.a
ECB,10276723308362691963_REF,EBA_ATY(EBA_ri695) - Reference,10276723308362691963_REF,EBA_ATY(EBA_ri695) - Reference
ECB,MTRCS_F_15.00.b_MTRCS_REF,Variable Set for MTRCS of the Cube F_15.00.b,MTRCS_F_15.00.b_MTRCS_REF,Variable Set for MTRCS of the Cube F_15.00.b
ECB,13954865385766232297_REF,EBA_ATY(EBA_md771) - Reference,13954865385766232297_REF,EBA_ATY(EBA_md771) - Reference
ECB,MTRCS_F_25.01.d_MTRCS_REF,Variable Set for MTRCS of the Cube F_25.01.d,MTRCS_F_25.01.d_MTRCS_REF,Variable Set for MTRCS of the Cube F_25.01.d
ECB,2970692285882776276_REF,EBA_ATY(EBA_md139) - Reference,2970692285882776276_REF,EBA_ATY(EBA_md139) - Reference
ECB,MTRCS_F_18.00.e_MTRCS_REF,Variable Set for MTRCS of the Cube F_18.00.e,MTRCS_F_18.00.e_MTRCS_REF,Variable Set for MTRCS of the Cube F_18.00.e
ECB,MTRCS_F_18.02.b_MTRCS_REF,Variable Set for MTRCS of the Cube F_18.02.b,MTRCS_F_18.02.b_MTRCS_REF,Variable Set for MTRCS of the Cube F_18.02.b
ECB,6631604508003842444_REF,EBA_ATY(EBA_md251) - Reference,6631604508003842444_REF,EBA_ATY(EBA_md251) - Reference
ECB,16327465111797747933_REF,EBA_ATY(EBA_md241) - Reference,16327465111797747933_REF,EBA_ATY(EBA_md241) - Reference
ECB,MTRCS_F_04.02.1_MTRCS_REF,Variable Set for MTRCS of the Cube F_04.02.1,MTRCS_F_04.02.1_MTRCS_REF,Variable Set for MTRCS of the Cube F_04.02.1
ECB,MTRCS_F_01.03_MTRCS_REF,Variable Set for MTRCS of the Cube F_01.03,MTRCS_F_01.03_MTRCS_REF,Variable Set for MTRCS of the Cube F_01.03
ECB,MTRCS_F_01.02_MTRCS_REF,Variable Set for MTRCS of the Cube F_01.02,MTRCS_F_01.02_MTRCS_REF,Variable Set for MTRCS of the Cube F_01.02
ECB,9544537712173802836_REF,EBA_ATY(EBA_mi690) - Reference,9544537712173802836_REF,EBA_ATY(EBA_mi690) - Reference
ECB,11122883669815963861_REF,EBA_ATY(EBA_md677) - Reference,11122883669815963861_REF,EBA_ATY(EBA_md677) - Reference
ECB,MTRCS_F_12.01.a_MTRCS_REF,Variable Set for MTRCS of the Cube F_12.01.a,MTRCS_F_12.01.a_MTRCS_REF,Variable Set for MTRCS of the Cube F_12.01.a
ECB,7526256445328679720_REF,EBA_ATY(EBA_md240) - Reference,7526256445328679720_REF,EBA_ATY(EBA_md240) - Reference
ECB,MTRCS_F_13.02_MTRCS_REF,Variable Set for MTRCS of the Cube F_13.02,MTRCS_F_13.02_MTRCS_REF,Variable Set for MTRCS of the Cube F_13.02
ECB,637091515190721272_REF,EBA_ATY(EBA_mi287) - Reference,637091515190721272_REF,EBA_ATY(EBA_mi287) - Reference
ECB,MTRCS_F_16.05_MTRCS_REF,Variable Set for MTRCS of the Cube F_16.05,MTRCS_F_16.05_MTRCS_REF,Variable Set for MTRCS of the Cube F_16.05
ECB,MTRCS_F_12.02_MTRCS_REF,Variable Set for MTRCS of the Cube F_12.02,MTRCS_F_12.02_MTRCS_REF,Variable Set for MTRCS of the Cube F_12.02
ECB,MTRCS_F_26.00.a_MTRCS_REF,Variable Set for MTRCS of the Cube F_26.00.a,MTRCS_F_26.00.a_MTRCS_REF,Variable Set for MTRCS of the Cube F_26.00.a
ECB,MTRCS_F_18.00.a_MTRCS_REF,Variable Set for MTRCS of the Cube F_18.00.a,MTRCS_F_18.00.a_MTRCS_REF,Variable Set for MTRCS of the Cube F_18.00.a
ECB,MTRCS_F_13.02.1.a_MTRCS_REF,Variable Set for MTRCS of the Cube F_13.02.1.a,MTRCS_F_13.02.1.a_MTRCS_REF,Variable Set for MTRCS of the Cube F_13.02.1.a
ECB,7845788412536202589_REF,EBA_ATY(EBA_md46) - Reference,7845788412536202589_REF,EBA_ATY(EBA_md46) - Reference
ECB,15737067412521553465_REF,EBA_ATY(EBA_md513) - Reference,15737067412521553465_REF,EBA_ATY(EBA_md513) - Reference
ECB,826386289683186479_REF,EBA_ATY(EBA_mi53) - Reference,826386289683186479_REF,EBA_ATY(EBA_mi53) - Reference
ECB,1468140901604897379_REF,EBA_ATY(EBA_si288) - Reference,1468140901604897379_REF,EBA_ATY(EBA_si288) - Reference
ECB,9866734509798057745_REF,EBA_ATY(EBA_pi223) - Reference,9866734509798057745_REF,EBA_ATY(EBA_pi223) - Reference
ECB,1395812268453013078_REF,EBA_ATY(EBA_ei219) - Reference,1395812268453013078_REF,EBA_ATY(EBA_ei219) - Reference
ECB,9832991519487986304_REF,EBA_ATY(EBA_si289) - Reference,9832991519487986304_REF,EBA_ATY(EBA_si289) - Reference
ECB,10170972515839255245_REF,EBA_ATY(EBA_mi170) - Reference,10170972515839255245_REF,EBA_ATY(EBA_mi170) - Reference
ECB,13008077944443989364_REF,EBA_ATY(EBA_ei152) - Reference,13008077944443989364_REF,EBA_ATY(EBA_ei152) - Reference
ECB,15827577643655367818_REF,EBA_ATY(EBA_si168) - Reference,15827577643655367818_REF,EBA_ATY(EBA_si168) - Reference
ECB,RECL_PSTL_CD,Postal code where the collateral is located,RECL_PSTL_CD,Postal code where the collateral is located
ECB,TYP_FCT,Type of facet,TYP_FCT,Set of allowed types of facets
ECB,MTRCS_F_36.01.c_MTRCS_REF,MTRCS_F_36.01.c_MTRCS_REF,MTRCS_F_36.01.c_MTRCS_REF,
ECB,8304924972630651527_REF,EBA_ATY(EBA_ei207) - Reference,8304924972630651527_REF,EBA_ATY(EBA_ei207) - Reference
ECB,2974830385347868493_REF,EBA_ATY(EBA_ei4) - Reference,2974830385347868493_REF,EBA_ATY(EBA_ei4) - Reference
EBA,EBA_1503260125301532887,EBA_ATY([EBA_mi53|EBA_mi287]),1503260125301532887,"Details the data type (e.g. monetary, percentage, string) of the data point. In XBRL, it is the ""primary item"". 
Generally, it indicates the ""metrics"" of the Main category provided (i.e. answers the question: how is measured?).
It should be defined for each data point. 
In the case of monetary values, when the data point is referred to a (change during a) period of time, the member name shall finish in ""(flow)"". When the member name has other terminations, the data point is a measurement at a date (i.e. ""stock"")."
EBA,EBA_12850083435085666275,EBA_ATY(EBA_mi503),12850083435085666275,
EBA,EBA_1139795544978684655,EBA_ATY([EBA_md103]),1139795544978684655,"Details the data type (e.g. monetary, percentage, string) of the data point. In XBRL, it is the ""primary item"". 
Generally, it indicates the ""metrics"" of the Main category provided (i.e. answers the question: how is measured?).
It should be defined for each data point. 
In the case of monetary values, when the data point is referred to a (change during a) period of time, the member name shall finish in ""(flow)"". When the member name has other terminations, the data point is a measurement at a date (i.e. ""stock"")."
EBA,EBA_10264406451357173896,EBA_ATY([EBA_mi340]),10264406451357173896,"Details the data type (e.g. monetary, percentage, string) of the data point. In XBRL, it is the ""primary item"". 
Generally, it indicates the ""metrics"" of the Main category provided (i.e. answers the question: how is measured?).
It should be defined for each data point. 
In the case of monetary values, when the data point is referred to a (change during a) period of time, the member name shall finish in ""(flow)"". When the member name has other terminations, the data point is a measurement at a date (i.e. ""stock"")."
EBA,EBA_6408975997446638567,EBA_ATY(EBA_md675),6408975997446638567,
EBA,EBA_9528436133589960996,EBA_ATY(EBA_mi340),9528436133589960996,
EBA,EBA_10532562852335506127,EBA_ATY(EBA_mi339),10532562852335506127,
EBA,EBA_8612641288167864760,EBA_ATY([EBA_md59|EBA_md104|EBA_md186|EBA_md12|EBA_md83|EBA_md60|EBA_md69|EBA_md147|EBA_md131|EBA_mi191|EBA_md11]),8612641288167864760,"Details the data type (e.g. monetary, percentage, string) of the data point. In XBRL, it is the ""primary item"". 
Generally, it indicates the ""metrics"" of the Main category provided (i.e. answers the question: how is measured?).
It should be defined for each data point. 
In the case of monetary values, when the data point is referred to a (change during a) period of time, the member name shall finish in ""(flow)"". When the member name has other terminations, the data point is a measurement at a date (i.e. ""stock"")."
EBA,EBA_8127530850141054316,EBA_ATY([EBA_mi9|EBA_mi53|EBA_si289|EBA_si169|EBA_pi221|EBA_si299]),8127530850141054316,"Details the data type (e.g. monetary, percentage, string) of the data point. In XBRL, it is the ""primary item"". 
Generally, it indicates the ""metrics"" of the Main category provided (i.e. answers the question: how is measured?).
It should be defined for each data point. 
In the case of monetary values, when the data point is referred to a (change during a) period of time, the member name shall finish in ""(flow)"". When the member name has other terminations, the data point is a measurement at a date (i.e. ""stock"")."
EBA,EBA_6976584596183939046,EBA_ATY(EBA_md70),6976584596183939046,
EBA,EBA_14366801369953595450,EBA_ATY(EBA_mi109),14366801369953595450,
EBA,EBA_15065323584007505317,EBA_ATY(EBA_md252),15065323584007505317,
EBA,EBA_5919295062982748743,EBA_ATY(EBA_ei365),5919295062982748743,
EBA,EBA_17261729223499407369,EBA_ATY(EBA_mi697),17261729223499407369,
EBA,EBA_4717687897144093928,EBA_ATY([EBA_mi136]),4717687897144093928,"Details the data type (e.g. monetary, percentage, string) of the data point. In XBRL, it is the ""primary item"". 
Generally, it indicates the ""metrics"" of the Main category provided (i.e. answers the question: how is measured?).
It should be defined for each data point. 
In the case of monetary values, when the data point is referred to a (change during a) period of time, the member name shall finish in ""(flow)"". When the member name has other terminations, the data point is a measurement at a date (i.e. ""stock"")."
EBA,EBA_11955826145609725316,EBA_ATY(EBA_md202),11955826145609725316,
EBA,EBA_8968158807897248321,EBA_ATY(EBA_mi457),8968158807897248321,
EBA,EBA_17057839972237354645,EBA_ATY([EBA_md210|EBA_md13|EBA_md103]),17057839972237354645,"Details the data type (e.g. monetary, percentage, string) of the data point. In XBRL, it is the ""primary item"". 
Generally, it indicates the ""metrics"" of the Main category provided (i.e. answers the question: how is measured?).
It should be defined for each data point. 
In the case of monetary values, when the data point is referred to a (change during a) period of time, the member name shall finish in ""(flow)"". When the member name has other terminations, the data point is a measurement at a date (i.e. ""stock"")."
EBA,EBA_17997514403492000604,EBA_ATY(EBA_md686),17997514403492000604,
EBA,EBA_4652668498303714383,EBA_ATY(EBA_mi8),4652668498303714383,
EBA,EBA_13399385892535838407,EBA_ATY(EBA_md510),13399385892535838407,
EBA,EBA_1355373386189311983,EBA_ATY([EBA_mi339]),1355373386189311983,"Details the data type (e.g. monetary, percentage, string) of the data point. In XBRL, it is the ""primary item"". 
Generally, it indicates the ""metrics"" of the Main category provided (i.e. answers the question: how is measured?).
It should be defined for each data point. 
In the case of monetary values, when the data point is referred to a (change during a) period of time, the member name shall finish in ""(flow)"". When the member name has other terminations, the data point is a measurement at a date (i.e. ""stock"")."
EBA,EBA_1905052320546048467,EBA_ATY(EBA_md511),1905052320546048467,
EBA,EBA_12197088107255438638,EBA_ATY(EBA_md108),12197088107255438638,
EBA,EBA_13122179028425088332,EBA_ATY(EBA_md62),13122179028425088332,
EBA,EBA_13847868194229609718,EBA_ATY([EBA_md242|EBA_mi7|EBA_md514|EBA_md254|EBA_md140|EBA_md516|EBA_md203|EBA_md515|EBA_md105]),13847868194229609718,"Details the data type (e.g. monetary, percentage, string) of the data point. In XBRL, it is the ""primary item"". 
Generally, it indicates the ""metrics"" of the Main category provided (i.e. answers the question: how is measured?).
It should be defined for each data point. 
In the case of monetary values, when the data point is referred to a (change during a) period of time, the member name shall finish in ""(flow)"". When the member name has other terminations, the data point is a measurement at a date (i.e. ""stock"")."
EBA,EBA_516020809407996255,EBA_ATY(EBA_mi507),516020809407996255,
EBA,EBA_11272181225883022379,EBA_ATY(EBA_mi191),11272181225883022379,
EBA,EBA_5179884178928510239,EBA_ATY([EBA_mi129]),5179884178928510239,"Details the data type (e.g. monetary, percentage, string) of the data point. In XBRL, it is the ""primary item"". 
Generally, it indicates the ""metrics"" of the Main category provided (i.e. answers the question: how is measured?).
It should be defined for each data point. 
In the case of monetary values, when the data point is referred to a (change during a) period of time, the member name shall finish in ""(flow)"". When the member name has other terminations, the data point is a measurement at a date (i.e. ""stock"")."
EBA,EBA_13148038079085490722,EBA_ATY([EBA_mi770|EBA_mi340|EBA_mi339]),13148038079085490722,"Details the data type (e.g. monetary, percentage, string) of the data point. In XBRL, it is the ""primary item"". 
Generally, it indicates the ""metrics"" of the Main category provided (i.e. answers the question: how is measured?).
It should be defined for each data point. 
In the case of monetary values, when the data point is referred to a (change during a) period of time, the member name shall finish in ""(flow)"". When the member name has other terminations, the data point is a measurement at a date (i.e. ""stock"")."
EBA,EBA_11228913082771519215,EBA_ATY(EBA_md150),11228913082771519215,
EBA,EBA_14369418032632437813,EBA_ATY(EBA_md685),14369418032632437813,
EBA,EBA_16024314364930149490,EBA_ATY([EBA_md242|EBA_mi7|EBA_mi159|EBA_md254|EBA_md140|EBA_md106|EBA_md203|EBA_md105]),16024314364930149490,"Details the data type (e.g. monetary, percentage, string) of the data point. In XBRL, it is the ""primary item"". 
Generally, it indicates the ""metrics"" of the Main category provided (i.e. answers the question: how is measured?).
It should be defined for each data point. 
In the case of monetary values, when the data point is referred to a (change during a) period of time, the member name shall finish in ""(flow)"". When the member name has other terminations, the data point is a measurement at a date (i.e. ""stock"")."
EBA,EBA_3674404801556021514,EBA_ATY([EBA_mi172|EBA_mi287]),3674404801556021514,"Details the data type (e.g. monetary, percentage, string) of the data point. In XBRL, it is the ""primary item"". 
Generally, it indicates the ""metrics"" of the Main category provided (i.e. answers the question: how is measured?).
It should be defined for each data point. 
In the case of monetary values, when the data point is referred to a (change during a) period of time, the member name shall finish in ""(flow)"". When the member name has other terminations, the data point is a measurement at a date (i.e. ""stock"")."
EBA,EBA_14360327804733513021,EBA_ATY(EBA_mi159),14360327804733513021,
EBA,EBA_16042670487170995256,EBA_ATY(EBA_mi678),16042670487170995256,
EBA,EBA_955591560499491412,EBA_ATY([EBA_ri695|EBA_mi697|EBA_mi696|EBA_ri769]),955591560499491412,"Details the data type (e.g. monetary, percentage, string) of the data point. In XBRL, it is the ""primary item"". 
Generally, it indicates the ""metrics"" of the Main category provided (i.e. answers the question: how is measured?).
It should be defined for each data point. 
In the case of monetary values, when the data point is referred to a (change during a) period of time, the member name shall finish in ""(flow)"". When the member name has other terminations, the data point is a measurement at a date (i.e. ""stock"")."
EBA,EBA_1346792507214399681,EBA_ATY([EBA_md252|EBA_md240|EBA_md201|EBA_md239|EBA_md103|EBA_md202]),1346792507214399681,"Details the data type (e.g. monetary, percentage, string) of the data point. In XBRL, it is the ""primary item"". 
Generally, it indicates the ""metrics"" of the Main category provided (i.e. answers the question: how is measured?).
It should be defined for each data point. 
In the case of monetary values, when the data point is referred to a (change during a) period of time, the member name shall finish in ""(flow)"". When the member name has other terminations, the data point is a measurement at a date (i.e. ""stock"")."
EBA,EBA_3343342843189874846,EBA_ATY(EBA_pi223),3343342843189874846,
EBA,EBA_15090932156943286309,EBA_ATY([EBA_mi287|EBA_mi136]),15090932156943286309,"Details the data type (e.g. monetary, percentage, string) of the data point. In XBRL, it is the ""primary item"". 
Generally, it indicates the ""metrics"" of the Main category provided (i.e. answers the question: how is measured?).
It should be defined for each data point. 
In the case of monetary values, when the data point is referred to a (change during a) period of time, the member name shall finish in ""(flow)"". When the member name has other terminations, the data point is a measurement at a date (i.e. ""stock"")."
EBA,EBA_1176569961779869984,EBA_ATY(EBA_md239),1176569961779869984,
EBA,EBA_1154893146534755230,EBA_ATY(EBA_ri695),1154893146534755230,
EBA,EBA_14124067416058169546,EBA_ATY(EBA_mi65),14124067416058169546,
EBA,EBA_5100289329521824120,EBA_ATY(EBA_md11),5100289329521824120,
EBA,EBA_9700706634049223516,EBA_ATY(EBA_si476),9700706634049223516,
EBA,EBA_13893574918192777456,EBA_ATY(EBA_mi691),13893574918192777456,
EBA,EBA_9351263554842572487,EBA_ATY([EBA_mi7|EBA_mi503]),9351263554842572487,"Details the data type (e.g. monetary, percentage, string) of the data point. In XBRL, it is the ""primary item"". 
Generally, it indicates the ""metrics"" of the Main category provided (i.e. answers the question: how is measured?).
It should be defined for each data point. 
In the case of monetary values, when the data point is referred to a (change during a) period of time, the member name shall finish in ""(flow)"". When the member name has other terminations, the data point is a measurement at a date (i.e. ""stock"")."
EBA,EBA_964625086518224128,EBA_ATY(EBA_md59),964625086518224128,
EBA,EBA_14981990232012914125,EBA_ATY(EBA_md233),14981990232012914125,
EBA,EBA_17531098476707446869,EBA_ATY(EBA_mi34),17531098476707446869,
EBA,EBA_2912635227092520165,EBA_ATY([EBA_mi420|EBA_mi53|EBA_mi170]),2912635227092520165,"Details the data type (e.g. monetary, percentage, string) of the data point. In XBRL, it is the ""primary item"". 
Generally, it indicates the ""metrics"" of the Main category provided (i.e. answers the question: how is measured?).
It should be defined for each data point. 
In the case of monetary values, when the data point is referred to a (change during a) period of time, the member name shall finish in ""(flow)"". When the member name has other terminations, the data point is a measurement at a date (i.e. ""stock"")."
EBA,EBA_6743290269184301894,EBA_ATY(EBA_md199),6743290269184301894,
EBA,EBA_7858310217446847458,EBA_ATY(EBA_md131),7858310217446847458,
EBA,EBA_13451082801701831408,EBA_ATY([EBA_mi7|EBA_mi507|EBA_mi505|EBA_mi136|EBA_mi53|EBA_mi508|EBA_mi506]),13451082801701831408,"Details the data type (e.g. monetary, percentage, string) of the data point. In XBRL, it is the ""primary item"". 
Generally, it indicates the ""metrics"" of the Main category provided (i.e. answers the question: how is measured?).
It should be defined for each data point. 
In the case of monetary values, when the data point is referred to a (change during a) period of time, the member name shall finish in ""(flow)"". When the member name has other terminations, the data point is a measurement at a date (i.e. ""stock"")."
EBA,EBA_16871087388380710730,EBA_ATY([EBA_mi53|EBA_mi170|EBA_mi501|EBA_mi500]),16871087388380710730,"Details the data type (e.g. monetary, percentage, string) of the data point. In XBRL, it is the ""primary item"". 
Generally, it indicates the ""metrics"" of the Main category provided (i.e. answers the question: how is measured?).
It should be defined for each data point. 
In the case of monetary values, when the data point is referred to a (change during a) period of time, the member name shall finish in ""(flow)"". When the member name has other terminations, the data point is a measurement at a date (i.e. ""stock"")."
EBA,EBA_14568194048600484062,EBA_ATY([EBA_md103|EBA_md301]),14568194048600484062,"Details the data type (e.g. monetary, percentage, string) of the data point. In XBRL, it is the ""primary item"". 
Generally, it indicates the ""metrics"" of the Main category provided (i.e. answers the question: how is measured?).
It should be defined for each data point. 
In the case of monetary values, when the data point is referred to a (change during a) period of time, the member name shall finish in ""(flow)"". When the member name has other terminations, the data point is a measurement at a date (i.e. ""stock"")."
EBA,EBA_17043445073612759506,EBA_ATY([EBA_mi9|EBA_si477|EBA_mi53|EBA_si169|EBA_pi221]),17043445073612759506,"Details the data type (e.g. monetary, percentage, string) of the data point. In XBRL, it is the ""primary item"". 
Generally, it indicates the ""metrics"" of the Main category provided (i.e. answers the question: how is measured?).
It should be defined for each data point. 
In the case of monetary values, when the data point is referred to a (change during a) period of time, the member name shall finish in ""(flow)"". When the member name has other terminations, the data point is a measurement at a date (i.e. ""stock"")."
EBA,EBA_4688837794600933827,EBA_ATY([EBA_md67]),4688837794600933827,"Details the data type (e.g. monetary, percentage, string) of the data point. In XBRL, it is the ""primary item"". 
Generally, it indicates the ""metrics"" of the Main category provided (i.e. answers the question: how is measured?).
It should be defined for each data point. 
In the case of monetary values, when the data point is referred to a (change during a) period of time, the member name shall finish in ""(flow)"". When the member name has other terminations, the data point is a measurement at a date (i.e. ""stock"")."
EBA,EBA_17555450068941781362,EBA_ATY([EBA_mi53|EBA_mi170|EBA_mi500|EBA_mi501]),17555450068941781362,"Details the data type (e.g. monetary, percentage, string) of the data point. In XBRL, it is the ""primary item"". 
Generally, it indicates the ""metrics"" of the Main category provided (i.e. answers the question: how is measured?).
It should be defined for each data point. 
In the case of monetary values, when the data point is referred to a (change during a) period of time, the member name shall finish in ""(flow)"". When the member name has other terminations, the data point is a measurement at a date (i.e. ""stock"")."
EBA,EBA_6350923257755354553,EBA_ATY(EBA_mi134),6350923257755354553,
EBA,EBA_11625693358629532124,EBA_ATY(EBA_mi679),11625693358629532124,
EBA,EBA_5372180569888181974,EBA_ATY(EBA_mi110),5372180569888181974,
EBA,EBA_17552328830377357499,EBA_ATY(EBA_md106),17552328830377357499,
EBA,EBA_2342528087194365102,EBA_ATY(EBA_md104),2342528087194365102,
EBA,EBA_8142340287056511342,EBA_ATY(EBA_mi164),8142340287056511342,
EBA,EBA_12627852615281855501,EBA_ATY(EBA_md114),12627852615281855501,
EBA,EBA_13554006137974655489,EBA_ATY([EBA_mi53|EBA_mi170]),13554006137974655489,"Details the data type (e.g. monetary, percentage, string) of the data point. In XBRL, it is the ""primary item"". 
Generally, it indicates the ""metrics"" of the Main category provided (i.e. answers the question: how is measured?).
It should be defined for each data point. 
In the case of monetary values, when the data point is referred to a (change during a) period of time, the member name shall finish in ""(flow)"". When the member name has other terminations, the data point is a measurement at a date (i.e. ""stock"")."
EBA,EBA_15402406854434535647,EBA_ATY([EBA_mi159|EBA_mi53|EBA_mi136]),15402406854434535647,"Details the data type (e.g. monetary, percentage, string) of the data point. In XBRL, it is the ""primary item"". 
Generally, it indicates the ""metrics"" of the Main category provided (i.e. answers the question: how is measured?).
It should be defined for each data point. 
In the case of monetary values, when the data point is referred to a (change during a) period of time, the member name shall finish in ""(flow)"". When the member name has other terminations, the data point is a measurement at a date (i.e. ""stock"")."
EBA,EBA_16961244408530627388,EBA_ATY([EBA_mi287]),16961244408530627388,"Details the data type (e.g. monetary, percentage, string) of the data point. In XBRL, it is the ""primary item"". 
Generally, it indicates the ""metrics"" of the Main category provided (i.e. answers the question: how is measured?).
It should be defined for each data point. 
In the case of monetary values, when the data point is referred to a (change during a) period of time, the member name shall finish in ""(flow)"". When the member name has other terminations, the data point is a measurement at a date (i.e. ""stock"")."
EBA,EBA_8623699933990956355,EBA_ATY([EBA_mi507|EBA_mi7|EBA_mi505|EBA_mi136|EBA_mi508|EBA_mi53|EBA_mi506]),8623699933990956355,"Details the data type (e.g. monetary, percentage, string) of the data point. In XBRL, it is the ""primary item"". 
Generally, it indicates the ""metrics"" of the Main category provided (i.e. answers the question: how is measured?).
It should be defined for each data point. 
In the case of monetary values, when the data point is referred to a (change during a) period of time, the member name shall finish in ""(flow)"". When the member name has other terminations, the data point is a measurement at a date (i.e. ""stock"")."
EBA,EBA_3713787059098586893,EBA_ATY(EBA_ri769),3713787059098586893,
EBA,EBA_17932040309669806767,EBA_ATY(EBA_mi770),17932040309669806767,
EBA,EBA_11753736856505614883,EBA_ATY([EBA_mi287|EBA_mi339]),11753736856505614883,"Details the data type (e.g. monetary, percentage, string) of the data point. In XBRL, it is the ""primary item"". 
Generally, it indicates the ""metrics"" of the Main category provided (i.e. answers the question: how is measured?).
It should be defined for each data point. 
In the case of monetary values, when the data point is referred to a (change during a) period of time, the member name shall finish in ""(flow)"". When the member name has other terminations, the data point is a measurement at a date (i.e. ""stock"")."
EBA,EBA_8584868306917229288,EBA_ATY(EBA_md515),8584868306917229288,
EBA,EBA_14816854057782166852,EBA_ATY([EBA_md72|EBA_md216|EBA_md199|EBA_md200|EBA_md114|EBA_md241|EBA_md233|EBA_md62|EBA_md108|EBA_mi53|EBA_md85|EBA_mi109|EBA_md149|EBA_md70|EBA_mi110|EBA_md150|EBA_md197|EBA_mi65|EBA_md71|EBA_md151]),14816854057782166852,"Details the data type (e.g. monetary, percentage, string) of the data point. In XBRL, it is the ""primary item"". 
Generally, it indicates the ""metrics"" of the Main category provided (i.e. answers the question: how is measured?).
It should be defined for each data point. 
In the case of monetary values, when the data point is referred to a (change during a) period of time, the member name shall finish in ""(flow)"". When the member name has other terminations, the data point is a measurement at a date (i.e. ""stock"")."
EBA,EBA_13992757262976195609,EBA_ATY(EBA_md46),13992757262976195609,
EBA,EBA_1845190805906758712,EBA_ATY(EBA_mi772),1845190805906758712,
EBA,EBA_1204240368660907761,EBA_ATY(EBA_mi693),1204240368660907761,
EBA,EBA_14562600340066532119,EBA_ATY(EBA_mi45),14562600340066532119,
EBA,EBA_4438387654344376452,EBA_ATY(EBA_md509),4438387654344376452,
EBA,EBA_13356411407330557192,EBA_ATY([EBA_mi53|EBA_mi37]),13356411407330557192,"Details the data type (e.g. monetary, percentage, string) of the data point. In XBRL, it is the ""primary item"". 
Generally, it indicates the ""metrics"" of the Main category provided (i.e. answers the question: how is measured?).
It should be defined for each data point. 
In the case of monetary values, when the data point is referred to a (change during a) period of time, the member name shall finish in ""(flow)"". When the member name has other terminations, the data point is a measurement at a date (i.e. ""stock"")."
EBA,EBA_16954974237611157535,EBA_ATY(EBA_mi502),16954974237611157535,
EBA,EBA_1818765565036948347,EBA_ATY([EBA_mi53|EBA_mi287|EBA_mi504]),1818765565036948347,"Details the data type (e.g. monetary, percentage, string) of the data point. In XBRL, it is the ""primary item"". 
Generally, it indicates the ""metrics"" of the Main category provided (i.e. answers the question: how is measured?).
It should be defined for each data point. 
In the case of monetary values, when the data point is referred to a (change during a) period of time, the member name shall finish in ""(flow)"". When the member name has other terminations, the data point is a measurement at a date (i.e. ""stock"")."
EBA,EBA_7447694990240002895,EBA_ATY(EBA_si477),7447694990240002895,
EBA,EBA_13100505310948004774,EBA_ATY(EBA_md139),13100505310948004774,
EBA,EBA_3958190992678986546,EBA_ATY([EBA_mi35]),3958190992678986546,"Details the data type (e.g. monetary, percentage, string) of the data point. In XBRL, it is the ""primary item"". 
Generally, it indicates the ""metrics"" of the Main category provided (i.e. answers the question: how is measured?).
It should be defined for each data point. 
In the case of monetary values, when the data point is referred to a (change during a) period of time, the member name shall finish in ""(flow)"". When the member name has other terminations, the data point is a measurement at a date (i.e. ""stock"")."
EBA,EBA_13214694211075454512,EBA_ATY(EBA_md147),13214694211075454512,
EBA,EBA_8021945964533007173,EBA_ATY(EBA_mi696),8021945964533007173,
EBA,EBA_16175221784434217364,EBA_ATY(EBA_md60),16175221784434217364,
EBA,EBA_142362521952909047,EBA_ATY([EBA_mi7|EBA_mi507|EBA_mi136|EBA_mi53|EBA_mi508]),142362521952909047,"Details the data type (e.g. monetary, percentage, string) of the data point. In XBRL, it is the ""primary item"". 
Generally, it indicates the ""metrics"" of the Main category provided (i.e. answers the question: how is measured?).
It should be defined for each data point. 
In the case of monetary values, when the data point is referred to a (change during a) period of time, the member name shall finish in ""(flow)"". When the member name has other terminations, the data point is a measurement at a date (i.e. ""stock"")."
EBA,EBA_14994175696436466,EBA_ATY([EBA_md14|EBA_mi53|EBA_md46|EBA_md251|EBA_md73|EBA_md139]),14994175696436466,"Details the data type (e.g. monetary, percentage, string) of the data point. In XBRL, it is the ""primary item"". 
Generally, it indicates the ""metrics"" of the Main category provided (i.e. answers the question: how is measured?).
It should be defined for each data point. 
In the case of monetary values, when the data point is referred to a (change during a) period of time, the member name shall finish in ""(flow)"". When the member name has other terminations, the data point is a measurement at a date (i.e. ""stock"")."
EBA,EBA_10049957376741879501,EBA_ATY([EBA_mi7|EBA_mi136|EBA_mi504]),10049957376741879501,"Details the data type (e.g. monetary, percentage, string) of the data point. In XBRL, it is the ""primary item"". 
Generally, it indicates the ""metrics"" of the Main category provided (i.e. answers the question: how is measured?).
It should be defined for each data point. 
In the case of monetary values, when the data point is referred to a (change during a) period of time, the member name shall finish in ""(flow)"". When the member name has other terminations, the data point is a measurement at a date (i.e. ""stock"")."
EBA,EBA_16609828914540299448,EBA_ATY(EBA_mi35),16609828914540299448,
EBA,EBA_16306277646580322277,EBA_ATY(EBA_md241),16306277646580322277,
EBA,EBA_16491798806750474415,EBA_ATY(EBA_md197),16491798806750474415,
EBA,EBA_2228351142642456533,EBA_ATY(EBA_mi172),2228351142642456533,
EBA,EBA_8218586569894181700,EBA_ATY(EBA_md71),8218586569894181700,
EBA,EBA_13753271571934250887,EBA_ATY(EBA_md683),13753271571934250887,
EBA,EBA_1448223780241593642,EBA_ATY([EBA_mi692|EBA_mi693]),1448223780241593642,"Details the data type (e.g. monetary, percentage, string) of the data point. In XBRL, it is the ""primary item"". 
Generally, it indicates the ""metrics"" of the Main category provided (i.e. answers the question: how is measured?).
It should be defined for each data point. 
In the case of monetary values, when the data point is referred to a (change during a) period of time, the member name shall finish in ""(flow)"". When the member name has other terminations, the data point is a measurement at a date (i.e. ""stock"")."
EBA,EBA_15206203439688769535,EBA_ATY([EBA_mi53|EBA_mi504]),15206203439688769535,"Details the data type (e.g. monetary, percentage, string) of the data point. In XBRL, it is the ""primary item"". 
Generally, it indicates the ""metrics"" of the Main category provided (i.e. answers the question: how is measured?).
It should be defined for each data point. 
In the case of monetary values, when the data point is referred to a (change during a) period of time, the member name shall finish in ""(flow)"". When the member name has other terminations, the data point is a measurement at a date (i.e. ""stock"")."
EBA,EBA_5833215270920696552,EBA_ATY([EBA_mi7|EBA_mi53|EBA_mi503|EBA_mi504]),5833215270920696552,"Details the data type (e.g. monetary, percentage, string) of the data point. In XBRL, it is the ""primary item"". 
Generally, it indicates the ""metrics"" of the Main category provided (i.e. answers the question: how is measured?).
It should be defined for each data point. 
In the case of monetary values, when the data point is referred to a (change during a) period of time, the member name shall finish in ""(flow)"". When the member name has other terminations, the data point is a measurement at a date (i.e. ""stock"")."
EBA,EBA_9701526159009932272,EBA_ATY(EBA_si475),9701526159009932272,
EBA,EBA_11546011596028109262,EBA_ATY([EBA_mi191|EBA_mi45|EBA_mi53|EBA_mi129]),11546011596028109262,"Details the data type (e.g. monetary, percentage, string) of the data point. In XBRL, it is the ""primary item"". 
Generally, it indicates the ""metrics"" of the Main category provided (i.e. answers the question: how is measured?).
It should be defined for each data point. 
In the case of monetary values, when the data point is referred to a (change during a) period of time, the member name shall finish in ""(flow)"". When the member name has other terminations, the data point is a measurement at a date (i.e. ""stock"")."
EBA,EBA_14227719988495800228,EBA_ATY(EBA_mi682),14227719988495800228,
EBA,EBA_1797614097874766435,EBA_ATY(EBA_md240),1797614097874766435,
EBA,EBA_10227996614641712692,EBA_ATY([EBA_ii694]),10227996614641712692,"Details the data type (e.g. monetary, percentage, string) of the data point. In XBRL, it is the ""primary item"". 
Generally, it indicates the ""metrics"" of the Main category provided (i.e. answers the question: how is measured?).
It should be defined for each data point. 
In the case of monetary values, when the data point is referred to a (change during a) period of time, the member name shall finish in ""(flow)"". When the member name has other terminations, the data point is a measurement at a date (i.e. ""stock"")."
EBA,EBA_16403550641914385863,EBA_ATY(EBA_md140),16403550641914385863,
EBA,EBA_2742910251066284312,EBA_ATY([EBA_mi7|EBA_md510|EBA_md512|EBA_md514|EBA_md516|EBA_md203|EBA_md509|EBA_md511|EBA_md513|EBA_md515]),2742910251066284312,"Details the data type (e.g. monetary, percentage, string) of the data point. In XBRL, it is the ""primary item"". 
Generally, it indicates the ""metrics"" of the Main category provided (i.e. answers the question: how is measured?).
It should be defined for each data point. 
In the case of monetary values, when the data point is referred to a (change during a) period of time, the member name shall finish in ""(flow)"". When the member name has other terminations, the data point is a measurement at a date (i.e. ""stock"")."
EBA,EBA_14137949693427844497,EBA_ATY([EBA_mi53|EBA_mi287|EBA_mi129|EBA_md103]),14137949693427844497,"Details the data type (e.g. monetary, percentage, string) of the data point. In XBRL, it is the ""primary item"". 
Generally, it indicates the ""metrics"" of the Main category provided (i.e. answers the question: how is measured?).
It should be defined for each data point. 
In the case of monetary values, when the data point is referred to a (change during a) period of time, the member name shall finish in ""(flow)"". When the member name has other terminations, the data point is a measurement at a date (i.e. ""stock"")."
EBA,EBA_2903356298463883636,EBA_ATY([EBA_md677|EBA_md67]),2903356298463883636,"Details the data type (e.g. monetary, percentage, string) of the data point. In XBRL, it is the ""primary item"". 
Generally, it indicates the ""metrics"" of the Main category provided (i.e. answers the question: how is measured?).
It should be defined for each data point. 
In the case of monetary values, when the data point is referred to a (change during a) period of time, the member name shall finish in ""(flow)"". When the member name has other terminations, the data point is a measurement at a date (i.e. ""stock"")."
EBA,EBA_17019540397599170385,EBA_ATY(EBA_md254),17019540397599170385,
EBA,EBA_5182266172090775634,EBA_ATY(EBA_md73),5182266172090775634,
EBA,EBA_16097024223816127071,EBA_ATY([EBA_mi9|EBA_si288|EBA_ei152|EBA_ei138|EBA_mi134|EBA_si168|EBA_mi170|EBA_ei218|EBA_ei364|EBA_ei365|EBA_mi53|EBA_di113|EBA_md103|EBA_mi129|EBA_ei219|EBA_pi221|EBA_pi223]),16097024223816127071,"Details the data type (e.g. monetary, percentage, string) of the data point. In XBRL, it is the ""primary item"". 
Generally, it indicates the ""metrics"" of the Main category provided (i.e. answers the question: how is measured?).
It should be defined for each data point. 
In the case of monetary values, when the data point is referred to a (change during a) period of time, the member name shall finish in ""(flow)"". When the member name has other terminations, the data point is a measurement at a date (i.e. ""stock"")."
EBA,EBA_13288626533938280109,EBA_ATY(EBA_mi505),13288626533938280109,
EBA,EBA_13590029474205922061,EBA_ATY(EBA_md216),13590029474205922061,
EBA,EBA_11475371539892952612,EBA_ATY(EBA_md512),11475371539892952612,
EBA,EBA_4291640396589175836,EBA_ATY([EBA_mi287|EBA_mi170|EBA_mi172|EBA_mi457|EBA_mi53]),4291640396589175836,"Details the data type (e.g. monetary, percentage, string) of the data point. In XBRL, it is the ""primary item"". 
Generally, it indicates the ""metrics"" of the Main category provided (i.e. answers the question: how is measured?).
It should be defined for each data point. 
In the case of monetary values, when the data point is referred to a (change during a) period of time, the member name shall finish in ""(flow)"". When the member name has other terminations, the data point is a measurement at a date (i.e. ""stock"")."
EBA,EBA_17269402074288599131,EBA_ATY([EBA_md210|EBA_md13]),17269402074288599131,"Details the data type (e.g. monetary, percentage, string) of the data point. In XBRL, it is the ""primary item"". 
Generally, it indicates the ""metrics"" of the Main category provided (i.e. answers the question: how is measured?).
It should be defined for each data point. 
In the case of monetary values, when the data point is referred to a (change during a) period of time, the member name shall finish in ""(flow)"". When the member name has other terminations, the data point is a measurement at a date (i.e. ""stock"")."
EBA,EBA_13403789806158001168,EBA_ATY(EBA_md13),13403789806158001168,
EBA,EBA_14182528951538773716,EBA_ATY(EBA_md249),14182528951538773716,
EBA,EBA_16063643239328030221,EBA_ATY(EBA_md69),16063643239328030221,
EBA,EBA_4239562763064136411,EBA_ATY([EBA_mi7]),4239562763064136411,"Details the data type (e.g. monetary, percentage, string) of the data point. In XBRL, it is the ""primary item"". 
Generally, it indicates the ""metrics"" of the Main category provided (i.e. answers the question: how is measured?).
It should be defined for each data point. 
In the case of monetary values, when the data point is referred to a (change during a) period of time, the member name shall finish in ""(flow)"". When the member name has other terminations, the data point is a measurement at a date (i.e. ""stock"")."
EBA,EBA_12886102326350985194,EBA_ATY(EBA_ii694),12886102326350985194,
EBA,EBA_1152987207136614349,EBA_ATY([EBA_mi164]),1152987207136614349,"Details the data type (e.g. monetary, percentage, string) of the data point. In XBRL, it is the ""primary item"". 
Generally, it indicates the ""metrics"" of the Main category provided (i.e. answers the question: how is measured?).
It should be defined for each data point. 
In the case of monetary values, when the data point is referred to a (change during a) period of time, the member name shall finish in ""(flow)"". When the member name has other terminations, the data point is a measurement at a date (i.e. ""stock"")."
EBA,EBA_9753903999397534110,EBA_ATY(EBA_si299),9753903999397534110,
EBA,EBA_1756586087742131703,EBA_ATY(EBA_mi508),1756586087742131703,
EBA,EBA_12551553991040133420,EBA_ATY(EBA_mi506),12551553991040133420,
EBA,EBA_17617470461009685204,EBA_ATY([EBA_mi53|EBA_mi502]),17617470461009685204,"Details the data type (e.g. monetary, percentage, string) of the data point. In XBRL, it is the ""primary item"". 
Generally, it indicates the ""metrics"" of the Main category provided (i.e. answers the question: how is measured?).
It should be defined for each data point. 
In the case of monetary values, when the data point is referred to a (change during a) period of time, the member name shall finish in ""(flow)"". When the member name has other terminations, the data point is a measurement at a date (i.e. ""stock"")."
EBA,EBA_15713869508279646918,EBA_ATY(EBA_ei138),15713869508279646918,
EBA,EBA_987564982964578155,EBA_ATY([EBA_ii699|EBA_md103]),987564982964578155,"Details the data type (e.g. monetary, percentage, string) of the data point. In XBRL, it is the ""primary item"". 
Generally, it indicates the ""metrics"" of the Main category provided (i.e. answers the question: how is measured?).
It should be defined for each data point. 
In the case of monetary values, when the data point is referred to a (change during a) period of time, the member name shall finish in ""(flow)"". When the member name has other terminations, the data point is a measurement at a date (i.e. ""stock"")."
EBA,EBA_1606815598859039047,EBA_ATY(EBA_mi9),1606815598859039047,
EBA,EBA_2282471769614270789,EBA_ATY(EBA_md687),2282471769614270789,
EBA,EBA_16438670896086350421,EBA_ATY(EBA_mi195),16438670896086350421,
EBA,EBA_8635081392731549376,EBA_ATY([EBA_mi679|EBA_mi678|EBA_mi66]),8635081392731549376,"Details the data type (e.g. monetary, percentage, string) of the data point. In XBRL, it is the ""primary item"". 
Generally, it indicates the ""metrics"" of the Main category provided (i.e. answers the question: how is measured?).
It should be defined for each data point. 
In the case of monetary values, when the data point is referred to a (change during a) period of time, the member name shall finish in ""(flow)"". When the member name has other terminations, the data point is a measurement at a date (i.e. ""stock"")."
EBA,EBA_6948328346976912921,EBA_ATY([EBA_si476|EBA_mi9|EBA_ei152|EBA_ei138|EBA_mi134|EBA_mi170|EBA_ei218|EBA_si475|EBA_ei364|EBA_ei365|EBA_mi53|EBA_di113|EBA_md103|EBA_mi129|EBA_ei219|EBA_pi221|EBA_pi223]),6948328346976912921,"Details the data type (e.g. monetary, percentage, string) of the data point. In XBRL, it is the ""primary item"". 
Generally, it indicates the ""metrics"" of the Main category provided (i.e. answers the question: how is measured?).
It should be defined for each data point. 
In the case of monetary values, when the data point is referred to a (change during a) period of time, the member name shall finish in ""(flow)"". When the member name has other terminations, the data point is a measurement at a date (i.e. ""stock"")."
EBA,EBA_11469169092822282096,EBA_ATY(EBA_md513),11469169092822282096,
EBA,EBA_13585082438667207826,EBA_ATY(EBA_md151),13585082438667207826,
EBA,EBA_10999706293055791695,EBA_ATY(EBA_mi135),10999706293055791695,
EBA,EBA_5956739008218208190,EBA_ATY(EBA_md771),5956739008218208190,
EBA,EBA_10795763521409115001,EBA_ATY(EBA_md149),10795763521409115001,
EBA,EBA_15451722758809024336,EBA_ATY(EBA_mi689),15451722758809024336,
EBA,EBA_4962909992051813262,EBA_ATY(EBA_md14),4962909992051813262,
EBA,EBA_10445237477776618426,EBA_ATY(EBA_md210),10445237477776618426,
EBA,EBA_9900140115399761414,EBA_ATY([EBA_md249|EBA_mi129|EBA_mi135]),9900140115399761414,"Details the data type (e.g. monetary, percentage, string) of the data point. In XBRL, it is the ""primary item"". 
Generally, it indicates the ""metrics"" of the Main category provided (i.e. answers the question: how is measured?).
It should be defined for each data point. 
In the case of monetary values, when the data point is referred to a (change during a) period of time, the member name shall finish in ""(flow)"". When the member name has other terminations, the data point is a measurement at a date (i.e. ""stock"")."
EBA,EBA_11389148909531612148,EBA_ATY([EBA_mi7|EBA_mi53]),11389148909531612148,"Details the data type (e.g. monetary, percentage, string) of the data point. In XBRL, it is the ""primary item"". 
Generally, it indicates the ""metrics"" of the Main category provided (i.e. answers the question: how is measured?).
It should be defined for each data point. 
In the case of monetary values, when the data point is referred to a (change during a) period of time, the member name shall finish in ""(flow)"". When the member name has other terminations, the data point is a measurement at a date (i.e. ""stock"")."
EBA,EBA_3240245910072053130,EBA_ATY([EBA_mi7|EBA_md510|EBA_md512|EBA_md514|EBA_md516|EBA_mi772|EBA_md203|EBA_md509|EBA_md511|EBA_md513|EBA_md515]),3240245910072053130,"Details the data type (e.g. monetary, percentage, string) of the data point. In XBRL, it is the ""primary item"". 
Generally, it indicates the ""metrics"" of the Main category provided (i.e. answers the question: how is measured?).
It should be defined for each data point. 
In the case of monetary values, when the data point is referred to a (change during a) period of time, the member name shall finish in ""(flow)"". When the member name has other terminations, the data point is a measurement at a date (i.e. ""stock"")."
EBA,EBA_12392226911244583733,EBA_ATY(EBA_mi298),12392226911244583733,
EBA,EBA_2138118336293251616,EBA_ATY([EBA_md684|EBA_md686|EBA_md683|EBA_md685|EBA_md687|EBA_mi503]),2138118336293251616,"Details the data type (e.g. monetary, percentage, string) of the data point. In XBRL, it is the ""primary item"". 
Generally, it indicates the ""metrics"" of the Main category provided (i.e. answers the question: how is measured?).
It should be defined for each data point. 
In the case of monetary values, when the data point is referred to a (change during a) period of time, the member name shall finish in ""(flow)"". When the member name has other terminations, the data point is a measurement at a date (i.e. ""stock"")."
EBA,EBA_8505694347509602843,EBA_ATY(EBA_di113),8505694347509602843,
EBA,EBA_6985699534769736679,EBA_ATY([EBA_mi136|EBA_mi339]),6985699534769736679,"Details the data type (e.g. monetary, percentage, string) of the data point. In XBRL, it is the ""primary item"". 
Generally, it indicates the ""metrics"" of the Main category provided (i.e. answers the question: how is measured?).
It should be defined for each data point. 
In the case of monetary values, when the data point is referred to a (change during a) period of time, the member name shall finish in ""(flow)"". When the member name has other terminations, the data point is a measurement at a date (i.e. ""stock"")."
EBA,EBA_6962924661265995855,EBA_ATY(EBA_md186),6962924661265995855,
EBA,EBA_4571165798767436702,EBA_ATY(EBA_md203),4571165798767436702,
EBA,EBA_10276181994777756998,EBA_ATY(EBA_md85),10276181994777756998,
EBA,EBA_2391992874631924338,EBA_ATY([EBA_mi53|EBA_mi34|EBA_mi37]),2391992874631924338,"Details the data type (e.g. monetary, percentage, string) of the data point. In XBRL, it is the ""primary item"". 
Generally, it indicates the ""metrics"" of the Main category provided (i.e. answers the question: how is measured?).
It should be defined for each data point. 
In the case of monetary values, when the data point is referred to a (change during a) period of time, the member name shall finish in ""(flow)"". When the member name has other terminations, the data point is a measurement at a date (i.e. ""stock"")."
EBA,EBA_16505233257033381082,EBA_ATY([EBA_mi503|EBA_mi136]),16505233257033381082,"Details the data type (e.g. monetary, percentage, string) of the data point. In XBRL, it is the ""primary item"". 
Generally, it indicates the ""metrics"" of the Main category provided (i.e. answers the question: how is measured?).
It should be defined for each data point. 
In the case of monetary values, when the data point is referred to a (change during a) period of time, the member name shall finish in ""(flow)"". When the member name has other terminations, the data point is a measurement at a date (i.e. ""stock"")."
EBA,EBA_12995241092037870863,EBA_ATY([EBA_mi690|EBA_mi691]),12995241092037870863,"Details the data type (e.g. monetary, percentage, string) of the data point. In XBRL, it is the ""primary item"". 
Generally, it indicates the ""metrics"" of the Main category provided (i.e. answers the question: how is measured?).
It should be defined for each data point. 
In the case of monetary values, when the data point is referred to a (change during a) period of time, the member name shall finish in ""(flow)"". When the member name has other terminations, the data point is a measurement at a date (i.e. ""stock"")."
EBA,EBA_2452360222141709744,EBA_ATY(EBA_md72),2452360222141709744,
EBA,EBA_11522743692844944820,EBA_ATY(EBA_md251),11522743692844944820,
EBA,EBA_13142356536938950108,EBA_ATY(EBA_md67),13142356536938950108,
EBA,EBA_13663439905457336947,EBA_ATY(EBA_mi500),13663439905457336947,
EBA,EBA_13058698696674221845,EBA_ATY([EBA_mi159|EBA_mi53|EBA_mi8]),13058698696674221845,"Details the data type (e.g. monetary, percentage, string) of the data point. In XBRL, it is the ""primary item"". 
Generally, it indicates the ""metrics"" of the Main category provided (i.e. answers the question: how is measured?).
It should be defined for each data point. 
In the case of monetary values, when the data point is referred to a (change during a) period of time, the member name shall finish in ""(flow)"". When the member name has other terminations, the data point is a measurement at a date (i.e. ""stock"")."
EBA,EBA_15692090462945935846,EBA_ATY([EBA_mi7|EBA_mi287|EBA_mi170|EBA_mi172|EBA_mi53]),15692090462945935846,"Details the data type (e.g. monetary, percentage, string) of the data point. In XBRL, it is the ""primary item"". 
Generally, it indicates the ""metrics"" of the Main category provided (i.e. answers the question: how is measured?).
It should be defined for each data point. 
In the case of monetary values, when the data point is referred to a (change during a) period of time, the member name shall finish in ""(flow)"". When the member name has other terminations, the data point is a measurement at a date (i.e. ""stock"")."
EBA,EBA_15002078630127913605,EBA_ATY(EBA_ei364),15002078630127913605,
EBA,EBA_12266062037074969628,EBA_ATY(EBA_md677),12266062037074969628,
EBA,EBA_9442924091591951572,EBA_ATY([EBA_md675|EBA_mi682|EBA_mi136|EBA_md677]),9442924091591951572,"Details the data type (e.g. monetary, percentage, string) of the data point. In XBRL, it is the ""primary item"". 
Generally, it indicates the ""metrics"" of the Main category provided (i.e. answers the question: how is measured?).
It should be defined for each data point. 
In the case of monetary values, when the data point is referred to a (change during a) period of time, the member name shall finish in ""(flow)"". When the member name has other terminations, the data point is a measurement at a date (i.e. ""stock"")."
EBA,EBA_11274228632974288313,EBA_ATY([EBA_mi53|EBA_mi43|EBA_mi195]),11274228632974288313,"Details the data type (e.g. monetary, percentage, string) of the data point. In XBRL, it is the ""primary item"". 
Generally, it indicates the ""metrics"" of the Main category provided (i.e. answers the question: how is measured?).
It should be defined for each data point. 
In the case of monetary values, when the data point is referred to a (change during a) period of time, the member name shall finish in ""(flow)"". When the member name has other terminations, the data point is a measurement at a date (i.e. ""stock"")."
EBA,EBA_6113450886019932989,EBA_ATY([EBA_mi507|EBA_mi7|EBA_mi505|EBA_mi136|EBA_mi53|EBA_mi508|EBA_mi506]),6113450886019932989,"Details the data type (e.g. monetary, percentage, string) of the data point. In XBRL, it is the ""primary item"". 
Generally, it indicates the ""metrics"" of the Main category provided (i.e. answers the question: how is measured?).
It should be defined for each data point. 
In the case of monetary values, when the data point is referred to a (change during a) period of time, the member name shall finish in ""(flow)"". When the member name has other terminations, the data point is a measurement at a date (i.e. ""stock"")."
EBA,EBA_17988940890781850622,EBA_ATY([EBA_md771|EBA_md677|EBA_md67]),17988940890781850622,"Details the data type (e.g. monetary, percentage, string) of the data point. In XBRL, it is the ""primary item"". 
Generally, it indicates the ""metrics"" of the Main category provided (i.e. answers the question: how is measured?).
It should be defined for each data point. 
In the case of monetary values, when the data point is referred to a (change during a) period of time, the member name shall finish in ""(flow)"". When the member name has other terminations, the data point is a measurement at a date (i.e. ""stock"")."
EBA,EBA_3901113523257449375,EBA_ATY([EBA_mi298|EBA_mi136]),3901113523257449375,"Details the data type (e.g. monetary, percentage, string) of the data point. In XBRL, it is the ""primary item"". 
Generally, it indicates the ""metrics"" of the Main category provided (i.e. answers the question: how is measured?).
It should be defined for each data point. 
In the case of monetary values, when the data point is referred to a (change during a) period of time, the member name shall finish in ""(flow)"". When the member name has other terminations, the data point is a measurement at a date (i.e. ""stock"")."
EBA,EBA_10347163520733271322,EBA_ATY(EBA_md684),10347163520733271322,
EBA,EBA_15481525838998877933,EBA_ATY(EBA_mi690),15481525838998877933,
EBA,EBA_1054268378065998139,EBA_ATY(EBA_md201),1054268378065998139,
EBA,EBA_4962323205821404316,EBA_ATY([EBA_mi53|EBA_mi136]),4962323205821404316,"Details the data type (e.g. monetary, percentage, string) of the data point. In XBRL, it is the ""primary item"". 
Generally, it indicates the ""metrics"" of the Main category provided (i.e. answers the question: how is measured?).
It should be defined for each data point. 
In the case of monetary values, when the data point is referred to a (change during a) period of time, the member name shall finish in ""(flow)"". When the member name has other terminations, the data point is a measurement at a date (i.e. ""stock"")."
EBA,EBA_17584163527229390300,EBA_ATY(EBA_md516),17584163527229390300,
EBA,EBA_7378318008235927475,EBA_ATY(EBA_md514),7378318008235927475,
EBA,EBA_9720987366875275688,EBA_ATY(EBA_mi43),9720987366875275688,
EBA,EBA_2782487066007759326,EBA_ATY([EBA_mi678|EBA_mi690|EBA_mi66|EBA_mi679|EBA_mi691]),2782487066007759326,"Details the data type (e.g. monetary, percentage, string) of the data point. In XBRL, it is the ""primary item"". 
Generally, it indicates the ""metrics"" of the Main category provided (i.e. answers the question: how is measured?).
It should be defined for each data point. 
In the case of monetary values, when the data point is referred to a (change during a) period of time, the member name shall finish in ""(flow)"". When the member name has other terminations, the data point is a measurement at a date (i.e. ""stock"")."
EBA,EBA_6117103736344138251,EBA_ATY(EBA_mi37),6117103736344138251,
EBA,EBA_16478107619939960333,EBA_ATY([EBA_mi7|EBA_mi507|EBA_mi136|EBA_mi504|EBA_mi508|EBA_mi53]),16478107619939960333,"Details the data type (e.g. monetary, percentage, string) of the data point. In XBRL, it is the ""primary item"". 
Generally, it indicates the ""metrics"" of the Main category provided (i.e. answers the question: how is measured?).
It should be defined for each data point. 
In the case of monetary values, when the data point is referred to a (change during a) period of time, the member name shall finish in ""(flow)"". When the member name has other terminations, the data point is a measurement at a date (i.e. ""stock"")."
EBA,EBA_9041411006125649374,EBA_ATY(EBA_mi501),9041411006125649374,
EBA,EBA_13928628419226522145,EBA_ATY(EBA_mi692),13928628419226522145,
EBA,EBA_1169610899343606787,EBA_ATY([EBA_ii676]),1169610899343606787,"Details the data type (e.g. monetary, percentage, string) of the data point. In XBRL, it is the ""primary item"". 
Generally, it indicates the ""metrics"" of the Main category provided (i.e. answers the question: how is measured?).
It should be defined for each data point. 
In the case of monetary values, when the data point is referred to a (change during a) period of time, the member name shall finish in ""(flow)"". When the member name has other terminations, the data point is a measurement at a date (i.e. ""stock"")."
EBA,EBA_5774529202120624500,EBA_ATY(EBA_md105),5774529202120624500,
EBA,EBA_10430850194974336803,EBA_ATY(EBA_ii676),10430850194974336803,
EBA,EBA_9650128176294644864,EBA_ATY([EBA_mi7|EBA_mi53|EBA_mi298]),9650128176294644864,"Details the data type (e.g. monetary, percentage, string) of the data point. In XBRL, it is the ""primary item"". 
Generally, it indicates the ""metrics"" of the Main category provided (i.e. answers the question: how is measured?).
It should be defined for each data point. 
In the case of monetary values, when the data point is referred to a (change during a) period of time, the member name shall finish in ""(flow)"". When the member name has other terminations, the data point is a measurement at a date (i.e. ""stock"")."
EBA,EBA_10115292735902118275,EBA_ATY(EBA_md83),10115292735902118275,
EBA,EBA_12612185215137719213,EBA_ATY(EBA_md12),12612185215137719213,
EBA,EBA_3674901342156442070,EBA_ATY(EBA_mi688),3674901342156442070,
EBA,EBA_15818554564181592921,EBA_ATY([EBA_mi507]),15818554564181592921,"Details the data type (e.g. monetary, percentage, string) of the data point. In XBRL, it is the ""primary item"". 
Generally, it indicates the ""metrics"" of the Main category provided (i.e. answers the question: how is measured?).
It should be defined for each data point. 
In the case of monetary values, when the data point is referred to a (change during a) period of time, the member name shall finish in ""(flow)"". When the member name has other terminations, the data point is a measurement at a date (i.e. ""stock"")."
EBA,EBA_10078035735759181197,EBA_ATY(EBA_md301),10078035735759181197,
EBA,EBA_2917386485322610441,EBA_ATY(EBA_mi66),2917386485322610441,
EBA,EBA_7449334908097156369,EBA_ATY(EBA_md242),7449334908097156369,
EBA,EBA_12476024358292545685,EBA_ATY([EBA_mi7|EBA_mi507|EBA_mi136|EBA_mi53|EBA_mi504|EBA_mi508]),12476024358292545685,"Details the data type (e.g. monetary, percentage, string) of the data point. In XBRL, it is the ""primary item"". 
Generally, it indicates the ""metrics"" of the Main category provided (i.e. answers the question: how is measured?).
It should be defined for each data point. 
In the case of monetary values, when the data point is referred to a (change during a) period of time, the member name shall finish in ""(flow)"". When the member name has other terminations, the data point is a measurement at a date (i.e. ""stock"")."
EBA,EBA_15884457531595099751,EBA_ATY(EBA_ii699),15884457531595099751,
EBA,EBA_9348102310581593780,EBA_ATY(EBA_md200),9348102310581593780,
EBA,EBA_2554918430786132799,EBA_ATY([EBA_mi688|EBA_mi689]),2554918430786132799,"Details the data type (e.g. monetary, percentage, string) of the data point. In XBRL, it is the ""primary item"". 
Generally, it indicates the ""metrics"" of the Main category provided (i.e. answers the question: how is measured?).
It should be defined for each data point. 
In the case of monetary values, when the data point is referred to a (change during a) period of time, the member name shall finish in ""(flow)"". When the member name has other terminations, the data point is a measurement at a date (i.e. ""stock"")."
EBA,EBA_16249696038758758021,EBA_ATY([EBA_mi679|EBA_mi66]),16249696038758758021,"Details the data type (e.g. monetary, percentage, string) of the data point. In XBRL, it is the ""primary item"". 
Generally, it indicates the ""metrics"" of the Main category provided (i.e. answers the question: how is measured?).
It should be defined for each data point. 
In the case of monetary values, when the data point is referred to a (change during a) period of time, the member name shall finish in ""(flow)"". When the member name has other terminations, the data point is a measurement at a date (i.e. ""stock"")."
EBA,EBA_8631503743311787153,EBA_ATY([EBA_ii676|EBA_mi136]),8631503743311787153,"Details the data type (e.g. monetary, percentage, string) of the data point. In XBRL, it is the ""primary item"". 
Generally, it indicates the ""metrics"" of the Main category provided (i.e. answers the question: how is measured?).
It should be defined for each data point. 
In the case of monetary values, when the data point is referred to a (change during a) period of time, the member name shall finish in ""(flow)"". When the member name has other terminations, the data point is a measurement at a date (i.e. ""stock"")."
EBA,EBA_3583146126457167402,EBA_ATY([EBA_md675]),3583146126457167402,"Details the data type (e.g. monetary, percentage, string) of the data point. In XBRL, it is the ""primary item"". 
Generally, it indicates the ""metrics"" of the Main category provided (i.e. answers the question: how is measured?).
It should be defined for each data point. 
In the case of monetary values, when the data point is referred to a (change during a) period of time, the member name shall finish in ""(flow)"". When the member name has other terminations, the data point is a measurement at a date (i.e. ""stock"")."
EBA,EBA_17231016074359754660,EBA_ATY(EBA_si169),17231016074359754660,
EBA,EBA_13133268766194913889,EBA_ATY(EBA_mi420),13133268766194913889,
EBA,EBA_15000662022108886113,EBA_ATY(EBA_mi136),15000662022108886113,
EBA,EBA_16024008017154658465,EBA_ATY(EBA_si168),16024008017154658465,
EBA,EBA_11982413228822072970,EBA_ATY(EBA_mi170),11982413228822072970,
EBA,EBA_11486194664664208289,EBA_ATY(EBA_mi7),11486194664664208289,
EBA,EBA_3872231563641047716,EBA_ATY([EBA_mi53]),3872231563641047716,"Details the data type (e.g. monetary, percentage, string) of the data point. In XBRL, it is the ""primary item"". 
Generally, it indicates the ""metrics"" of the Main category provided (i.e. answers the question: how is measured?).
It should be defined for each data point. 
In the case of monetary values, when the data point is referred to a (change during a) period of time, the member name shall finish in ""(flow)"". When the member name has other terminations, the data point is a measurement at a date (i.e. ""stock"")."
EBA,EBA_119530242123863046,EBA_ATY(EBA_mi287),119530242123863046,
EBA,EBA_13772123438176461799,EBA_ATY(EBA_si288),13772123438176461799,
EBA,EBA_10760121923160233297,EBA_ATY([EBA_ei207|EBA_ei4]),10760121923160233297,"Details the data type (e.g. monetary, percentage, string) of the data point. In XBRL, it is the ""primary item"". 
Generally, it indicates the ""metrics"" of the Main category provided (i.e. answers the question: how is measured?).
It should be defined for each data point. 
In the case of monetary values, when the data point is referred to a (change during a) period of time, the member name shall finish in ""(flow)"". When the member name has other terminations, the data point is a measurement at a date (i.e. ""stock"")."
EBA,EBA_8113882984846443369,EBA_ATY(EBA_md103),8113882984846443369,
EBA,EBA_16308999765173402514,EBA_ATY(EBA_ei218),16308999765173402514,
EBA,EBA_12756863699086245711,EBA_ATY(EBA_ei207),12756863699086245711,
EBA,EBA_2663688110044942141,EBA_ATY(EBA_mi53),2663688110044942141,
EBA,EBA_3369894417577646800,EBA_ATY(EBA_si289),3369894417577646800,
EBA,EBA_11097138047533818995,EBA_ATY(EBA_pi221),11097138047533818995,
EBA,EBA_4426684284533539572,EBA_ATY(EBA_ei152),4426684284533539572,
EBA,EBA_8274216898263061755,EBA_ATY(EBA_ei219),8274216898263061755,
EBA,EBA_11784321311282269645,EBA_ATY(EBA_ei4),11784321311282269645,
EBA,EBA_15307237568926434783,EBA_ATY(EBA_mi129),15307237568926434783,
EBA,EBA_7636460310249899676,EBA_ATY(EBA_mi504),7636460310249899676,